PPG,HR,RR,HRV,SpO2
18197.2079,66,20,58,51.1
18197.3853,0,0,0,0
18199.5334,0,0,0,0
18203.573,0,0,0,0
18209.384,0,0,0,0
18216.8092,0,0,0,0
18225.6596,0,0,0,0
18235.7203,0,0,0,0
18246.7577,0,0,0,0
18258.5263,0,0,0,0
18270.7766,0,0,0,0
18283.2623,0,0,0,0
18295.7481,0,0,0,0
18308.016,0,0,0,0
18319.872,0,0,0,0
18331.1509,0,0,0,0
18341.7208,0,0,0,0
18351.486,0,0,0,0
18360.389,0,0,0,0
18368.4103,0,0,0,0
18375.5683,0,0,0,0
18381.9164,0,0,0,0
18387.5398,0,0,0,0
18392.5507,0,0,0,0
18397.0834,0,0,0,0
18401.2871,0,0,0,0
18405.3199,0,0,0,0
18409.3412,0,0,0,0
18413.5046,0,0,0,0
18417.9512,0,0,0,0
18422.8028,0,0,0,0
18428.156,0,0,0,0
18434.0774,0,0,0,0
18440.5995,0,0,0,0
18447.7182,0,0,0,0
18455.3912,0,0,0,0
18463.5381,0,0,0,0
18472.0414,0,0,0,0
18480.7499,0,0,0,0
18489.4822,0,0,0,0
18498.0322,0,0,0,0
18506.1749,0,0,0,0
18513.6739,0,0,0,0
18520.2886,0,0,0,0
18525.7827,0,0,0,0
18529.9315,0,0,0,0
18532.5304,0,0,0,0
18533.402,0,0,0,0
18532.403,0,0,0,0
18529.4297,0,0,0,0
18524.4231,0,0,0,0
18517.3719,0,0,0,0
18508.3149,0,0,0,0
18497.3407,0,0,0,0
18484.5874,0,0,0,0
18470.2396,0,0,0,0
18454.5242,0,0,0,0
18437.7051,0,0,0,0
18420.0768,0,0,0,0
18401.956,0,0,0,0
18383.674,0,0,0,0
18365.5672,0,0,0,0
18347.968,0,0,0,0
18331.1957,0,0,0,0
18315.5475,0,0,0,0
18301.2901,0,0,0,0
18288.6528,0,0,0,0
18277.8204,0,0,0,0
18268.9284,0,0,0,0
18262.0596,0,0,0,0
18257.2418,0,0,0,0
18254.4471,0,0,0,0
18253.5937,0,0,0,0
18254.548,0,0,0,0
18257.1295,0,0,0,0
18261.1164,0,0,0,0
18266.2521,0,0,0,0
18272.2541,0,0,0,0
18278.822,0,0,0,0
18285.647,0,0,0,0
18292.4216,0,0,0,0
18298.8486,0,0,0,0
18304.6508,0,0,0,0
18309.5788,0,0,0,0
18313.419,0,0,0,0
18316.0001,0,0,0,0
18317.1979,0,0,0,0
18316.9394,0,0,0,0
18315.2048,0,0,0,0
18312.0278,0,0,0,0
18307.4951,0,0,0,0
18301.7432,0,0,0,0
18294.9545,0,0,0,0
18287.3517,0,0,0,0
18279.1913,0,0,0,0
18270.7555,0,0,0,0
18262.3444,0,0,0,0
18254.2666,0,0,0,0
18246.8304,0,0,0,0
18240.3348,0,0,0,0
18235.0607,0,0,0,0
18231.263,0,0,0,0
18229.1632,0,0,0,0
18107.8072,0,0,0,0
18111.3769,0,0,0,0
18118.5644,0,0,0,0
18129.2202,0,0,0,0
18143.1161,0,0,0,0
18159.9502,0,0,0,0
18179.3561,0,0,0,0
18200.912,0,0,0,0
18224.1523,0,0,0,0
18248.5804,0,0,0,0
18273.6821,0,0,0,0
18298.9394,0,0,0,0
18323.8445,0,0,0,0
18347.9133,0,0,0,0
18370.6979,0,0,0,0
18391.7982,0,0,0,0
18410.872,0,0,0,0
18427.6429,0,0,0,0
18441.9065,0,0,0,0
18453.534,0,0,0,0
18462.4741,0,0,0,0
18468.7519,0,0,0,0
18472.466,0,0,0,0
18473.7827,0,0,0,0
18472.9295,0,0,0,0
18470.1853,0,0,0,0
18465.8703,0,0,0,0
18460.3344,0,0,0,0
18453.9453,0,0,0,0
18447.0753,0,0,0,0
18440.0895,0,0,0,0
18433.3334,0,0,0,0
18427.1225,0,0,0,0
18421.7319,0,0,0,0
18417.3884,0,0,0,0
18414.2642,0,0,0,0
18412.4719,0,0,0,0
18412.0629,0,0,0,0
18413.0268,0,0,0,0
18415.2931,0,0,0,0
18418.7358,0,0,0,0
18423.1788,0,0,0,0
18428.4036,0,0,0,0
18434.1583,0,0,0,0
18440.1672,0,0,0,0
18446.1418,0,0,0,0
18451.7916,0,0,0,0
18456.8352,0,0,0,0
18461.0102,0,0,0,0
18464.0838,0,0,0,0
18465.8603,0,0,0,0
18466.1887,0,0,0,0
18464.9683,0,0,0,0
18462.1515,0,0,0,0
18457.7463,0,0,0,0
18451.815,0,0,0,0
18444.4723,0,0,0,0
18435.8807,0,0,0,0
18426.2448,0,0,0,0
18415.8033,0,0,0,0
18404.8204,0,0,0,0
18393.5761,0,0,0,0
18382.3558,0,0,0,0
18371.4402,0,0,0,0
18361.0946,0,0,0,0
18351.5592,0,0,0,0
18343.0407,0,0,0,0
18335.7045,0,0,0,0
18329.6684,0,0,0,0
18324.9989,0,0,0,0
18321.7081,0,0,0,0
18319.7541,0,0,0,0
18214.4116,0,0,0,0
18215.4663,0,0,0,0
18219.1584,0,0,0,0
18225.5603,0,0,0,0
18234.6686,0,0,0,0
18246.4023,0,0,0,0
18260.6029,0,0,0,0
18277.0374,0,0,0,0
18295.404,0,0,0,0
18315.3397,0,0,0,0
18336.4296,0,0,0,0
18358.219,0,0,0,0
18380.2264,0,0,0,0
18401.9568,0,0,0,0
18422.917,0,0,0,0
18442.6301,0,0,0,0
18460.6497,0,0,0,0
18476.5733,0,0,0,0
18490.055,0,0,0,0
18500.8156,0,0,0,0
18508.6513,0,0,0,0
18513.4402,0,0,0,0
18515.1453,0,0,0,0
18513.8163,0,0,0,0
18509.5873,0,0,0,0
18502.6729,0,0,0,0
18493.361,0,0,0,0
18482.0033,0,0,0,0
18469.0048,0,0,0,0
18454.8099,0,0,0,0
18439.8888,0,0,0,0
18424.722,0,0,0,0
18409.7855,0,0,0,0
18395.535,0,0,0,0
18382.3915,0,0,0,0
18370.7285,0,0,0,0
18360.8595,0,0,0,0
18353.0288,0,0,0,0
18347.404,0,0,0,0
18344.0706,0,0,0,0
18343.0308,0,0,0,0
18344.2035,0,0,0,0
18347.428,0,0,0,0
18352.4701,0,0,0,0
18359.0311,0,0,0,0
18366.7584,0,0,0,0
18375.2581,0,0,0,0
18384.1095,0,0,0,0
18392.88,0,0,0,0
18401.1408,0,0,0,0
18408.4821,0,0,0,0
18414.5281,0,0,0,0
18418.9509,0,0,0,0
18421.4825,0,0,0,0
18421.925,0,0,0,0
18420.1584,0,0,0,0
18416.1456,0,0,0,0
18409.935,0,0,0,0
18401.6596,0,0,0,0
18391.5334,0,0,0,0
18379.8451,0,0,0,0
18366.9487,0,0,0,0
18353.2523,0,0,0,0
18339.2044,0,0,0,0
18325.2787,0,0,0,0
18311.9582,0,0,0,0
18299.7182,0,0,0,0
18289.0096,0,0,0,0
18280.2429,0,0,0,0
18273.7728,0,0,0,0
18269.8851,0,0,0,0
18154.6604,0,0,0,0
18156.3704,0,0,0,0
18162.8385,0,0,0,0
18173.9769,0,0,0,0
18189.5703,0,0,0,0
18209.2807,0,0,0,0
18232.6572,0,0,0,0
18259.148,0,0,0,0
18288.1163,0,0,0,0
18318.8578,0,0,0,0
18350.6212,0,0,0,0
18382.6291,0,0,0,0
18414.1004,0,0,0,0
18444.272,0,0,0,0
18472.4209,0,0,0,0
18497.8842,0,0,0,0
18520.0776,0,0,0,0
18538.5114,0,0,0,0
18552.8035,0,0,0,0
18562.6899,0,0,0,0
18568.0304,0,0,0,0
18568.8115,0,0,0,0
18565.1454,0,0,0,0
18557.265,0,0,0,0
18545.5155,0,0,0,0
18530.3429,0,0,0,0
18512.2792,0,0,0,0
18491.9257,0,0,0,0
18469.9338,0,0,0,0
18446.9854,0,0,0,0
18423.7715,0,0,0,0
18400.9718,0,0,0,0
18379.2345,0,0,0,0
18359.1569,0,0,0,0
18341.2687,0,0,0,0
18326.0173,0,0,0,0
18313.755,0,0,0,0
18304.7309,0,0,0,0
18299.0846,0,0,0,0
18296.8444,0,0,0,0
18297.9286,0,0,0,0
18302.1501,0,0,0,0
18309.2245,0,0,0,0
18318.7813,0,0,0,0
18330.3769,0,0,0,0
18343.5106,0,0,0,0
18357.6413,0,0,0,0
18372.2064,0,0,0,0
18386.6397,0,0,0,0
18400.3901,0,0,0,0
18412.9393,0,0,0,0
18423.8179,0,0,0,0
18432.6204,0,0,0,0
18439.0166,0,0,0,0
18442.762,0,0,0,0
18443.7041,0,0,0,0
18441.7858,0,0,0,0
18437.0462,0,0,0,0
18429.6176,0,0,0,0
18419.7199,0,0,0,0
18407.6517,0,0,0,0
18393.78,0,0,0,0
18378.5263,0,0,0,0
18362.3522,0,0,0,0
18345.7439,0,0,0,0
18329.1951,0,0,0,0
18313.1909,0,0,0,0
18298.1918,0,0,0,0
18284.6187,0,0,0,0
18272.8394,0,0,0,0
18263.1573,0,0,0,0
18255.8021,0,0,0,0
18250.9233,0,0,0,0
18303.303,0,0,0,0
18303.3308,0,0,0,0
18304.5422,0,0,0,0
18306.8717,0,0,0,0
18310.2256,0,0,0,0
18314.4852,0,0,0,0
18319.511,0,0,0,0
18325.1476,0,0,0,0
18331.2289,0,0,0,0
18337.5834,0,0,0,0
18344.0397,0,0,0,0
18350.4316,0,0,0,0
18356.6029,0,0,0,0
18362.412,0,0,0,0
18367.7358,0,0,0,0
18372.4724,0,0,0,0
18376.5436,0,0,0,0
18379.8961,0,0,0,0
18382.5023,0,0,0,0
18384.3596,0,0,0,0
18385.4894,0,0,0,0
18385.9349,0,0,0,0
18385.7587,0,0,0,0
18385.0392,0,0,0,0
18383.8675,0,0,0,0
18382.3427,0,0,0,0
18380.5685,0,0,0,0
18378.6486,0,0,0,0
18376.6833,0,0,0,0
18374.7653,0,0,0,0
18372.9769,0,0,0,0
18371.387,0,0,0,0
18370.0496,0,0,0,0
18369.0016,0,0,0,0
18368.2627,0,0,0,0
18367.8353,0,0,0,0
18367.705,0,0,0,0
18367.842,0,0,0,0
18368.2034,0,0,0,0
18368.7349,0,0,0,0
18369.3743,0,0,0,0
18370.0542,0,0,0,0
18370.7053,0,0,0,0
18371.2596,0,0,0,0
18371.6535,0,0,0,0
18371.8308,0,0,0,0
18371.745,0,0,0,0
18371.3619,0,0,0,0
18370.6606,0,0,0,0
18369.6347,0,0,0,0
18368.2931,0,0,0,0
18366.6592,0,0,0,0
18364.7705,0,0,0,0
18362.6771,0,0,0,0
18360.4397,0,0,0,0
18358.1276,0,0,0,0
18355.8156,0,0,0,0
18353.5813,0,0,0,0
18351.5022,0,0,0,0
18349.6524,0,0,0,0
18348.1,0,0,0,0
18346.9039,0,0,0,0
18346.1119,0,0,0,0
18351.4925,0,0,0,0
18351.783,0,0,0,0
18352.5018,0,0,0,0
18353.6672,0,0,0,0
18355.2809,0,0,0,0
18357.3281,0,0,0,0
18359.7777,0,0,0,0
18362.5836,0,0,0,0
18365.6858,0,0,0,0
18369.0127,0,0,0,0
18372.4832,0,0,0,0
18376.01,0,0,0,0
18379.5021,0,0,0,0
18382.8681,0,0,0,0
18386.0193,0,0,0,0
18388.8727,0,0,0,0
18391.3542,0,0,0,0
18393.4006,0,0,0,0
18394.9621,0,0,0,0
18396.0042,0,0,0,0
18396.5086,0,0,0,0
18396.4736,0,0,0,0
18395.9149,0,0,0,0
18394.8644,0,0,0,0
18393.3693,0,0,0,0
18391.4905,0,0,0,0
18389.3003,0,0,0,0
18386.8803,0,0,0,0
18384.318,0,0,0,0
18381.7042,0,0,0,0
18379.1294,0,0,0,0
18376.681,0,0,0,0
18374.4399,0,0,0,0
18372.478,0,0,0,0
18370.8552,0,0,0,0
18369.6175,0,0,0,0
18368.795,0,0,0,0
18368.4013,0,0,0,0
18368.4324,0,0,0,0
18368.8667,0,0,0,0
18369.6659,0,0,0,0
18370.7761,0,0,0,0
18372.1294,0,0,0,0
18373.6462,0,0,0,0
18375.2379,0,0,0,0
18376.8096,0,0,0,0
18378.2639,0,0,0,0
18379.5035,0,0,0,0
18380.4352,0,0,0,0
18380.9728,0,0,0,0
18381.0404,0,0,0,0
18380.575,0,0,0,0
18379.529,0,0,0,0
18377.8722,0,0,0,0
18375.593,0,0,0,0
18372.6995,0,0,0,0
18369.2195,0,0,0,0
18365.2,0,0,0,0
18360.7064,0,0,0,0
18355.821,0,0,0,0
18350.6405,0,0,0,0
18345.2738,0,0,0,0
18339.8387,0,0,0,0
18334.4589,0,0,0,0
18329.2605,0,0,0,0
18324.3683,0,0,0,0
18319.9024,0,0,0,0
18315.9748,0,0,0,0
18312.6863,0,0,0,0
18310.1234,0,0,0,0
18308.3562,0,0,0,0
18307.4363,0,0,0,0
18307.3952,0,0,0,0
18308.2438,0,0,0,0
18309.9717,0,0,0,0
18312.5479,0,0,0,0
18315.9218,0,0,0,0
18320.0242,0,0,0,0
18324.7694,0,0,0,0
18330.0579,0,0,0,0
18335.779,0,0,0,0
18341.8133,0,0,0,0
18348.0369,0,0,0,0
18354.3235,0,0,0,0
18360.5487,0,0,0,0
18366.5925,0,0,0,0
18372.3423,0,0,0,0
18377.6958,0,0,0,0
18382.5634,0,0,0,0
18386.8697,0,0,0,0
18390.5552,0,0,0,0
18393.5774,0,0,0,0
18395.911,0,0,0,0
18397.548,0,0,0,0
18398.4973,0,0,0,0
18398.7838,0,0,0,0
18398.4467,0,0,0,0
18397.5382,0,0,0,0
18396.1212,0,0,0,0
18394.2673,0,0,0,0
18392.0545,0,0,0,0
18389.5645,0,0,0,0
18386.8806,0,0,0,0
18384.0852,0,0,0,0
18381.2576,0,0,0,0
18378.4723,0,0,0,0
18375.7967,0,0,0,0
18373.2904,0,0,0,0
18371.0037,0,0,0,0
18368.9767,0,0,0,0
18367.2392,0,0,0,0
18365.8106,0,0,0,0
18364.6999,0,0,0,0
18363.9067,0,0,0,0
18363.4213,0,0,0,0
18363.2264,0,0,0,0
18363.2981,0,0,0,0
18363.6069,0,0,0,0
18364.1195,0,0,0,0
18364.7998,0,0,0,0
18365.6105,0,0,0,0
18366.5145,0,0,0,0
18367.4755,0,0,0,0
18368.4597,0,0,0,0
18369.4361,0,0,0,0
18370.3773,0,0,0,0
18371.26,0,0,0,0
18372.0652,0,0,0,0
18372.7782,0,0,0,0
18373.3884,0,0,0,0
18373.8893,0,0,0,0
18374.2775,0,0,0,0
18374.5529,0,0,0,0
18374.7175,0,0,0,0
18374.7752,0,0,0,0
18374.7309,0,0,0,0
18374.5901,0,0,0,0
18374.3581,0,0,0,0
18374.0401,0,0,0,0
18373.6403,0,0,0,0
18373.1619,0,0,0,0
18372.6071,0,0,0,0
18371.9769,0,0,0,0
18371.2714,0,0,0,0
18370.4901,0,0,0,0
18369.632,0,0,0,0
18368.6961,0,0,0,0
18367.682,0,0,0,0
18366.5902,0,0,0,0
18365.4224,0,0,0,0
18364.1822,0,0,0,0
18362.8753,0,0,0,0
18361.5098,0,0,0,0
18360.0961,0,0,0,0
18358.6474,0,0,0,0
18357.1792,0,0,0,0
18355.7093,0,0,0,0
18354.2573,0,0,0,0
18352.8444,0,0,0,0
18351.4925,0,0,0,0
18350.2238,0,0,0,0
18349.0599,0,0,0,0
18348.0213,0,0,0,0
18347.1265,0,0,0,0
18346.3914,0,0,0,0
18345.8284,0,0,0,0
18345.4464,0,0,0,0
18345.2497,0,0,0,0
18328.9209,0,0,0,0
18329.1835,0,0,0,0
18329.9152,0,0,0,0
18331.1203,0,0,0,0
18332.7916,0,0,0,0
18334.9106,0,0,0,0
18337.4479,0,0,0,0
18340.3635,0,0,0,0
18343.6077,0,0,0,0
18347.1229,0,0,0,0
18350.8446,0,0,0,0
18354.7034,0,0,0,0
18358.6265,0,0,0,0
18362.5399,0,0,0,0
18366.3705,0,0,0,0
18370.0475,0,0,0,0
18373.5051,0,0,0,0
18376.6833,0,0,0,0
18379.5302,0,0,0,0
18382.0029,0,0,0,0
18384.0685,0,0,0,0
18385.705,0,0,0,0
18386.9016,0,0,0,0
18387.6588,0,0,0,0
18387.9879,0,0,0,0
18387.9108,0,0,0,0
18387.4589,0,0,0,0
18386.6719,0,0,0,0
18385.5965,0,0,0,0
18384.2848,0,0,0,0
18382.7927,0,0,0,0
18381.1781,0,0,0,0
18379.4989,0,0,0,0
18377.8116,0,0,0,0
18376.1695,0,0,0,0
18374.6212,0,0,0,0
18373.2089,0,0,0,0
18371.9681,0,0,0,0
18370.9259,0,0,0,0
18370.101,0,0,0,0
18369.503,0,0,0,0
18369.1327,0,0,0,0
18368.9822,0,0,0,0
18369.0358,0,0,0,0
18369.2702,0,0,0,0
18369.6561,0,0,0,0
18370.1592,0,0,0,0
18370.7414,0,0,0,0
18371.3625,0,0,0,0
18371.9813,0,0,0,0
18372.5577,0,0,0,0
18373.0533,0,0,0,0
18373.4335,0,0,0,0
18373.668,0,0,0,0
18373.7323,0,0,0,0
18373.6082,0,0,0,0
18373.2844,0,0,0,0
18372.7569,0,0,0,0
18372.029,0,0,0,0
18371.1112,0,0,0,0
18370.0205,0,0,0,0
18368.7804,0,0,0,0
18367.4192,0,0,0,0
18365.9698,0,0,0,0
18364.4681,0,0,0,0
18362.952,0,0,0,0
18361.4601,0,0,0,0
18360.0305,0,0,0,0
18358.6995,0,0,0,0
18357.5003,0,0,0,0
18356.4624,0,0,0,0
18355.6102,0,0,0,0
18354.9628,0,0,0,0
18354.5329,0,0,0,0
18349.0553,0,0,0,0
18349.1406,0,0,0,0
18349.4044,0,0,0,0
18349.8423,0,0,0,0
18350.4471,0,0,0,0
18351.2096,0,0,0,0
18352.1188,0,0,0,0
18353.162,0,0,0,0
18354.3252,0,0,0,0
18355.5937,0,0,0,0
18356.9518,0,0,0,0
18358.3836,0,0,0,0
18359.8726,0,0,0,0
18361.4023,0,0,0,0
18362.9565,0,0,0,0
18364.5189,0,0,0,0
18366.0735,0,0,0,0
18367.6047,0,0,0,0
18369.0973,0,0,0,0
18370.5367,0,0,0,0
18371.9089,0,0,0,0
18373.2006,0,0,0,0
18374.3993,0,0,0,0
18375.4936,0,0,0,0
18376.4729,0,0,0,0
18377.3282,0,0,0,0
18378.0517,0,0,0,0
18378.6374,0,0,0,0
18379.0808,0,0,0,0
18379.3797,0,0,0,0
18379.5337,0,0,0,0
18379.5446,0,0,0,0
18379.4166,0,0,0,0
18379.1562,0,0,0,0
18378.7722,0,0,0,0
18378.2756,0,0,0,0
18377.6794,0,0,0,0
18376.9987,0,0,0,0
18376.2499,0,0,0,0
18375.4509,0,0,0,0
18374.6204,0,0,0,0
18373.7774,0,0,0,0
18372.9411,0,0,0,0
18372.1298,0,0,0,0
18371.361,0,0,0,0
18370.6504,0,0,0,0
18370.0117,0,0,0,0
18369.4559,0,0,0,0
18368.9912,0,0,0,0
18368.6224,0,0,0,0
18368.351,0,0,0,0
18368.1747,0,0,0,0
18368.0875,0,0,0,0
18368.08,0,0,0,0
18368.1393,0,0,0,0
18368.2495,0,0,0,0
18368.3922,0,0,0,0
18368.5468,0,0,0,0
18368.6915,0,0,0,0
18368.8035,0,0,0,0
18368.8602,0,0,0,0
18368.8396,0,0,0,0
18368.7215,0,0,0,0
18368.4876,0,0,0,0
18368.123,0,0,0,0
18367.616,0,0,0,0
18366.9594,0,0,0,0
18366.1502,0,0,0,0
18365.1903,0,0,0,0
18364.0868,0,0,0,0
18362.8514,0,0,0,0
18361.5005,0,0,0,0
18360.0552,0,0,0,0
18358.5402,0,0,0,0
18356.9835,0,0,0,0
18355.4158,0,0,0,0
18353.8693,0,0,0,0
18352.3769,0,0,0,0
18350.9715,0,0,0,0
18349.6847,0,0,0,0
18348.5458,0,0,0,0
18347.5813,0,0,0,0
18346.8135,0,0,0,0
18346.2604,0,0,0,0
18345.9344,0,0,0,0
18339.7883,0,0,0,0
18339.9174,0,0,0,0
18340.2132,0,0,0,0
18340.6853,0,0,0,0
18341.3407,0,0,0,0
18342.1835,0,0,0,0
18343.2148,0,0,0,0
18344.4321,0,0,0,0
18345.8293,0,0,0,0
18347.3967,0,0,0,0
18349.1209,0,0,0,0
18350.9853,0,0,0,0
18352.9702,0,0,0,0
18355.0531,0,0,0,0
18357.2096,0,0,0,0
18359.4132,0,0,0,0
18361.637,0,0,0,0
18363.8534,0,0,0,0
18366.0352,0,0,0,0
18368.1561,0,0,0,0
18370.1918,0,0,0,0
18372.1197,0,0,0,0
18373.9203,0,0,0,0
18375.577,0,0,0,0
18377.0766,0,0,0,0
18378.4097,0,0,0,0
18379.5705,0,0,0,0
18380.5569,0,0,0,0
18381.3704,0,0,0,0
18382.0156,0,0,0,0
18382.5002,0,0,0,0
18382.8342,0,0,0,0
18383.0297,0,0,0,0
18383.1001,0,0,0,0
18383.0599,0,0,0,0
18382.9234,0,0,0,0
18382.705,0,0,0,0
18382.418,0,0,0,0
18382.0747,0,0,0,0
18381.6855,0,0,0,0
18381.259,0,0,0,0
18380.8016,0,0,0,0
18380.3175,0,0,0,0
18379.8089,0,0,0,0
18379.2757,0,0,0,0
18378.7163,0,0,0,0
18378.1275,0,0,0,0
18377.5052,0,0,0,0
18376.8446,0,0,0,0
18376.1408,0,0,0,0
18375.3895,0,0,0,0
18374.5874,0,0,0,0
18373.7323,0,0,0,0
18372.8241,0,0,0,0
18371.8649,0,0,0,0
18370.8589,0,0,0,0
18369.8132,0,0,0,0
18368.7372,0,0,0,0
18367.6428,0,0,0,0
18366.5444,0,0,0,0
18365.4577,0,0,0,0
18364.4004,0,0,0,0
18363.3907,0,0,0,0
18362.4471,0,0,0,0
18361.5877,0,0,0,0
18360.8292,0,0,0,0
18360.1867,0,0,0,0
18359.6724,0,0,0,0
18359.2954,0,0,0,0
18359.0611,0,0,0,0
18358.9705,0,0,0,0
18359.02,0,0,0,0
18359.2012,0,0,0,0
18359.5013,0,0,0,0
18359.9024,0,0,0,0
18360.3826,0,0,0,0
18360.9164,0,0,0,0
18361.4748,0,0,0,0
18362.0267,0,0,0,0
18362.5396,0,0,0,0
18362.9806,0,0,0,0
18363.3176,0,0,0,0
18363.5202,0,0,0,0
18363.5608,0,0,0,0
18363.4161,0,0,0,0
18363.0674,0,0,0,0
18362.5021,0,0,0,0
18361.7139,0,0,0,0
18360.7035,0,0,0,0
18359.4792,0,0,0,0
18358.0566,0,0,0,0
18356.4586,0,0,0,0
18354.7152,0,0,0,0
18352.8626,0,0,0,0
18350.9429,0,0,0,0
18349.0024,0,0,0,0
18347.091,0,0,0,0
18345.2606,0,0,0,0
18343.5637,0,0,0,0
18342.052,0,0,0,0
18340.7748,0,0,0,0
18339.7773,0,0,0,0
18339.0998,0,0,0,0
18338.7757,0,0,0,0
18338.8309,0,0,0,0
18339.2826,0,0,0,0
18340.1386,0,0,0,0
18341.3971,0,0,0,0
18343.0461,0,0,0,0
18345.0639,0,0,0,0
18347.4195,0,0,0,0
18350.0728,0,0,0,0
18352.9764,0,0,0,0
18356.0757,0,0,0,0
18359.3112,0,0,0,0
18362.6195,0,0,0,0
18365.9353,0,0,0,0
18369.1929,0,0,0,0
18372.3279,0,0,0,0
18375.2792,0,0,0,0
18377.9904,0,0,0,0
18380.4115,0,0,0,0
18382.4999,0,0,0,0
18384.2219,0,0,0,0
18385.5533,0,0,0,0
18386.48,0,0,0,0
18386.9984,0,0,0,0
18387.1152,0,0,0,0
18386.8473,0,0,0,0
18386.2208,0,0,0,0
18385.2707,0,0,0,0
18384.0391,0,0,0,0
18382.5744,0,0,0,0
18380.9294,0,0,0,0
18379.1599,0,0,0,0
18377.3229,0,0,0,0
18375.4749,0,0,0,0
18373.6702,0,0,0,0
18371.9595,0,0,0,0
18370.388,0,0,0,0
18368.9947,0,0,0,0
18367.8108,0,0,0,0
18366.8595,0,0,0,0
18366.1547,0,0,0,0
18365.7015,0,0,0,0
18365.4961,0,0,0,0
18365.5257,0,0,0,0
18365.7696,0,0,0,0
18366.1998,0,0,0,0
18366.7824,0,0,0,0
18367.4785,0,0,0,0
18368.2459,0,0,0,0
18369.0404,0,0,0,0
18369.8175,0,0,0,0
18370.5338,0,0,0,0
18371.1488,0,0,0,0
18371.6259,0,0,0,0
18371.9337,0,0,0,0
18372.0472,0,0,0,0
18371.9485,0,0,0,0
18371.6272,0,0,0,0
18371.0811,0,0,0,0
18370.3158,0,0,0,0
18369.3446,0,0,0,0
18368.1882,0,0,0,0
18366.8736,0,0,0,0
18365.4334,0,0,0,0
18363.9043,0,0,0,0
18362.3265,0,0,0,0
18360.7417,0,0,0,0
18359.1917,0,0,0,0
18357.7175,0,0,0,0
18356.3573,0,0,0,0
18355.1456,0,0,0,0
18354.1121,0,0,0,0
18353.2804,0,0,0,0
18352.6676,0,0,0,0
18352.2835,0,0,0,0
18329.1064,0,0,0,0
18329.2643,0,0,0,0
18329.8068,0,0,0,0
18330.7516,0,0,0,0
18332.1076,0,0,0,0
18333.8745,0,0,0,0
18336.0426,0,0,0,0
18338.5923,0,0,0,0
18341.4949,0,0,0,0
18344.7124,0,0,0,0
18348.199,0,0,0,0
18351.9017,0,0,0,0
18355.7617,0,0,0,0
18359.7157,0,0,0,0
18363.6977,0,0,0,0
18367.6406,0,0,0,0
18371.4779,0,0,0,0
18375.1456,0,0,0,0
18378.5837,0,0,0,0
18381.7378,0,0,0,0
18384.5608,0,0,0,0
18387.0137,0,0,0,0
18389.0669,0,0,0,0
18390.7007,0,0,0,0
18391.9062,0,0,0,0
18392.6846,0,0,0,0
18393.0478,0,0,0,0
18393.0175,0,0,0,0
18392.6245,0,0,0,0
18391.9076,0,0,0,0
18390.9124,0,0,0,0
18389.6899,0,0,0,0
18388.2947,0,0,0,0
18386.7833,0,0,0,0
18385.2124,0,0,0,0
18383.6372,0,0,0,0
18382.1098,0,0,0,0
18380.6771,0,0,0,0
18379.3801,0,0,0,0
18378.2522,0,0,0,0
18377.3188,0,0,0,0
18376.5959,0,0,0,0
18376.0902,0,0,0,0
18375.7993,0,0,0,0
18375.7111,0,0,0,0
18375.8052,0,0,0,0
18376.0533,0,0,0,0
18376.4204,0,0,0,0
18376.8658,0,0,0,0
18377.3452,0,0,0,0
18377.8117,0,0,0,0
18378.2175,0,0,0,0
18378.5161,0,0,0,0
18378.6634,0,0,0,0
18378.6197,0,0,0,0
18378.3506,0,0,0,0
18377.8287,0,0,0,0
18377.0347,0,0,0,0
18375.9575,0,0,0,0
18374.5955,0,0,0,0
18372.9562,0,0,0,0
18371.0563,0,0,0,0
18368.9212,0,0,0,0
18366.5845,0,0,0,0
18364.0869,0,0,0,0
18361.4748,0,0,0,0
18358.7993,0,0,0,0
18356.1144,0,0,0,0
18353.4755,0,0,0,0
18350.9377,0,0,0,0
18348.5539,0,0,0,0
18346.3738,0,0,0,0
18344.4416,0,0,0,0
18342.7954,0,0,0,0
18341.4656,0,0,0,0
18340.4743,0,0,0,0
18339.8343,0,0,0,0
18355.3053,0,0,0,0
18355.3404,0,0,0,0
18355.5992,0,0,0,0
18356.0976,0,0,0,0
18356.8435,0,0,0,0
18357.8367,0,0,0,0
18359.0686,0,0,0,0
18360.5227,0,0,0,0
18362.175,0,0,0,0
18363.9948,0,0,0,0
18365.9453,0,0,0,0
18367.9854,0,0,0,0
18370.0702,0,0,0,0
18372.153,0,0,0,0
18374.1866,0,0,0,0
18376.1245,0,0,0,0
18377.9224,0,0,0,0
18379.54,0,0,0,0
18380.9414,0,0,0,0
18382.0968,0,0,0,0
18382.9834,0,0,0,0
18383.5853,0,0,0,0
18383.8948,0,0,0,0
18383.9122,0,0,0,0
18383.6455,0,0,0,0
18383.1104,0,0,0,0
18382.3295,0,0,0,0
18381.332,0,0,0,0
18380.152,0,0,0,0
18378.8279,0,0,0,0
18377.4013,0,0,0,0
18375.9152,0,0,0,0
18374.413,0,0,0,0
18372.9374,0,0,0,0
18371.5285,0,0,0,0
18370.2235,0,0,0,0
18369.0546,0,0,0,0
18368.0493,0,0,0,0
18367.2287,0,0,0,0
18366.6075,0,0,0,0
18366.1937,0,0,0,0
18365.9883,0,0,0,0
18365.9859,0,0,0,0
18366.1746,0,0,0,0
18366.5366,0,0,0,0
18367.0494,0,0,0,0
18367.6861,0,0,0,0
18368.4166,0,0,0,0
18369.2087,0,0,0,0
18370.029,0,0,0,0
18370.8442,0,0,0,0
18371.6219,0,0,0,0
18372.3318,0,0,0,0
18372.9463,0,0,0,0
18373.4416,0,0,0,0
18373.7977,0,0,0,0
18373.9993,0,0,0,0
18374.0361,0,0,0,0
18373.9022,0,0,0,0
18373.5968,0,0,0,0
18373.123,0,0,0,0
18372.4883,0,0,0,0
18371.7033,0,0,0,0
18370.7812,0,0,0,0
18369.7374,0,0,0,0
18368.5881,0,0,0,0
18367.35,0,0,0,0
18366.0394,0,0,0,0
18364.6712,0,0,0,0
18363.2588,0,0,0,0
18361.813,0,0,0,0
18360.3423,0,0,0,0
18358.8522,0,0,0,0
18357.3453,0,0,0,0
18355.8215,0,0,0,0
18354.2783,0,0,0,0
18352.7112,0,0,0,0
18351.1144,0,0,0,0
18349.4814,0,0,0,0
18347.806,0,0,0,0
18346.0831,0,0,0,0
18344.3094,0,0,0,0
18342.4848,0,0,0,0
18340.6126,0,0,0,0
18338.7008,0,0,0,0
18336.7623,0,0,0,0
18334.8159,0,0,0,0
18332.8857,0,0,0,0
18331.0022,0,0,0,0
18329.2014,0,0,0,0
18327.5244,0,0,0,0
18326.0174,0,0,0,0
18324.73,0,0,0,0
18323.7145,0,0,0,0
18323.0249,0,0,0,0
18342.684,0,0,0,0
18342.6874,0,0,0,0
18343.2663,0,0,0,0
18344.3999,0,0,0,0
18346.0534,0,0,0,0
18348.1791,0,0,0,0
18350.718,0,0,0,0
18353.6018,0,0,0,0
18356.7548,0,0,0,0
18360.0962,0,0,0,0
18363.542,0,0,0,0
18367.0079,0,0,0,0
18370.411,0,0,0,0
18373.672,0,0,0,0
18376.7174,0,0,0,0
18379.4812,0,0,0,0
18381.9061,0,0,0,0
18383.9451,0,0,0,0
18385.5621,0,0,0,0
18386.7327,0,0,0,0
18387.4441,0,0,0,0
18387.6956,0,0,0,0
18387.4975,0,0,0,0
18386.8707,0,0,0,0
18385.846,0,0,0,0
18384.4623,0,0,0,0
18382.7658,0,0,0,0
18380.8078,0,0,0,0
18378.644,0,0,0,0
18376.332,0,0,0,0
18373.93,0,0,0,0
18371.4954,0,0,0,0
18369.0829,0,0,0,0
18366.7435,0,0,0,0
18364.5233,0,0,0,0
18362.4626,0,0,0,0
18360.5948,0,0,0,0
18358.9465,0,0,0,0
18357.537,0,0,0,0
18356.3782,0,0,0,0
18355.4751,0,0,0,0
18354.826,0,0,0,0
18354.4232,0,0,0,0
18354.254,0,0,0,0
18354.3012,0,0,0,0
18354.5445,0,0,0,0
18354.9612,0,0,0,0
18355.5273,0,0,0,0
18356.2185,0,0,0,0
18357.011,0,0,0,0
18357.8825,0,0,0,0
18358.8127,0,0,0,0
18359.7837,0,0,0,0
18360.7806,0,0,0,0
18361.7913,0,0,0,0
18362.8069,0,0,0,0
18363.821,0,0,0,0
18364.83,0,0,0,0
18365.832,0,0,0,0
18366.8264,0,0,0,0
18367.8134,0,0,0,0
18368.7932,0,0,0,0
18369.7652,0,0,0,0
18370.7274,0,0,0,0
18371.6757,0,0,0,0
18372.6034,0,0,0,0
18373.501,0,0,0,0
18374.3554,0,0,0,0
18375.1505,0,0,0,0
18375.8668,0,0,0,0
18376.4821,0,0,0,0
18376.9717,0,0,0,0
18377.3092,0,0,0,0
18377.4673,0,0,0,0
18377.419,0,0,0,0
18377.1382,0,0,0,0
18376.6014,0,0,0,0
18375.7887,0,0,0,0
18374.6846,0,0,0,0
18373.2797,0,0,0,0
18371.5715,0,0,0,0
18369.5649,0,0,0,0
18367.2734,0,0,0,0
18364.7191,0,0,0,0
18361.9331,0,0,0,0
18358.9555,0,0,0,0
18355.8345,0,0,0,0
18352.6262,0,0,0,0
18349.3935,0,0,0,0
18346.2045,0,0,0,0
18343.1315,0,0,0,0
18340.2487,0,0,0,0
18337.6309,0,0,0,0
18335.3508,0,0,0,0
18333.4776,0,0,0,0
18332.0742,0,0,0,0
18331.1959,0,0,0,0
18335.0995,0,0,0,0
18335.6631,0,0,0,0
18336.9708,0,0,0,0
18338.9754,0,0,0,0
18341.6114,0,0,0,0
18344.7966,0,0,0,0
18348.4347,0,0,0,0
18352.418,0,0,0,0
18356.6307,0,0,0,0
18360.9521,0,0,0,0
18365.2605,0,0,0,0
18369.4363,0,0,0,0
18373.366,0,0,0,0
18376.9449,0,0,0,0
18380.0807,0,0,0,0
18382.6957,0,0,0,0
18384.7294,0,0,0,0
18386.1397,0,0,0,0
18386.9044,0,0,0,0
18387.0215,0,0,0,0
18386.5093,0,0,0,0
18385.4054,0,0,0,0
18383.7652,0,0,0,0
18381.6606,0,0,0,0
18379.1773,0,0,0,0
18376.4118,0,0,0,0
18373.4683,0,0,0,0
18370.4558,0,0,0,0
18367.4839,0,0,0,0
18364.6596,0,0,0,0
18362.0838,0,0,0,0
18359.848,0,0,0,0
18358.0311,0,0,0,0
18356.6971,0,0,0,0
18355.8928,0,0,0,0
18355.6463,0,0,0,0
18355.9659,0,0,0,0
18356.8396,0,0,0,0
18358.2356,0,0,0,0
18360.1032,0,0,0,0
18362.374,0,0,0,0
18364.9642,0,0,0,0
18367.7771,0,0,0,0
18370.7061,0,0,0,0
18373.6382,0,0,0,0
18376.4571,0,0,0,0
18379.0475,0,0,0,0
18381.2984,0,0,0,0
18383.1068,0,0,0,0
18384.3811,0,0,0,0
18385.0444,0,0,0,0
18385.0367,0,0,0,0
18384.3176,0,0,0,0
18382.8675,0,0,0,0
18380.6887,0,0,0,0
18377.8058,0,0,0,0
18374.2653,0,0,0,0
18370.1346,0,0,0,0
18365.5004,0,0,0,0
18360.4664,0,0,0,0
18355.1506,0,0,0,0
18349.6822,0,0,0,0
18344.1978,0,0,0,0
18338.8379,0,0,0,0
18333.7428,0,0,0,0
18329.0486,0,0,0,0
18324.8835,0,0,0,0
18321.3639,0,0,0,0
18318.5915,0,0,0,0
18316.6499,0,0,0,0
18315.6024,0,0,0,0
18315.4903,0,0,0,0
18316.3312,0,0,0,0
18318.119,0,0,0,0
18320.8236,0,0,0,0
18324.3918,0,0,0,0
18328.7488,0,0,0,0
18333.8,0,0,0,0
18339.4338,0,0,0,0
18345.5243,0,0,0,0
18351.935,0,0,0,0
18358.5225,0,0,0,0
18365.1398,0,0,0,0
18371.6409,0,0,0,0
18377.884,0,0,0,0
18383.7357,0,0,0,0
18389.0739,0,0,0,0
18393.7912,0,0,0,0
18397.7973,0,0,0,0
18401.0209,0,0,0,0
18403.4118,0,0,0,0
18404.9411,0,0,0,0
18405.6018,0,0,0,0
18405.4087,0,0,0,0
18404.397,0,0,0,0
18402.6212,0,0,0,0
18400.1531,0,0,0,0
18397.0791,0,0,0,0
18393.4978,0,0,0,0
18389.5167,0,0,0,0
18385.2493,0,0,0,0
18380.8115,0,0,0,0
18376.3186,0,0,0,0
18371.8822,0,0,0,0
18367.6072,0,0,0,0
18363.5892,0,0,0,0
18359.9122,0,0,0,0
18356.647,0,0,0,0
18353.8496,0,0,0,0
18351.5606,0,0,0,0
18349.8044,0,0,0,0
18348.5897,0,0,0,0
18347.91,0,0,0,0
18347.7445,0,0,0,0
18348.0597,0,0,0,0
18348.8111,0,0,0,0
18349.945,0,0,0,0
18351.4012,0,0,0,0
18353.1147,0,0,0,0
18355.0185,0,0,0,0
18357.0458,0,0,0,0
18359.1319,0,0,0,0
18361.2164,0,0,0,0
18363.2451,0,0,0,0
18365.1709,0,0,0,0
18366.9552,0,0,0,0
18368.5687,0,0,0,0
18369.9914,0,0,0,0
18371.213,0,0,0,0
18372.232,0,0,0,0
18373.0551,0,0,0,0
18373.6967,0,0,0,0
18374.1769,0,0,0,0
18374.5202,0,0,0,0
18374.7545,0,0,0,0
18374.9087,0,0,0,0
18375.0115,0,0,0,0
18375.0897,0,0,0,0
18375.1667,0,0,0,0
18375.2615,0,0,0,0
18375.3874,0,0,0,0
18375.5513,0,0,0,0
18375.7533,0,0,0,0
18375.9867,0,0,0,0
18376.2376,0,0,0,0
18376.4862,0,0,0,0
18376.7068,0,0,0,0
18376.8693,0,0,0,0
18376.9401,0,0,0,0
18376.8838,0,0,0,0
18376.6644,0,0,0,0
18376.2472,0,0,0,0
18375.6,0,0,0,0
18374.695,0,0,0,0
18373.5099,0,0,0,0
18372.0294,0,0,0,0
18370.2457,0,0,0,0
18368.1598,0,0,0,0
18365.782,0,0,0,0
18363.1313,0,0,0,0
18360.2361,0,0,0,0
18357.1333,0,0,0,0
18353.8677,0,0,0,0
18350.4909,0,0,0,0
18347.06,0,0,0,0
18343.636,0,0,0,0
18340.2825,0,0,0,0
18337.0639,0,0,0,0
18334.0433,0,0,0,0
18331.2811,0,0,0,0
18328.8335,0,0,0,0
18326.7503,0,0,0,0
18325.0743,0,0,0,0
18323.8397,0,0,0,0
18323.0714,0,0,0,0
18322.7845,0,0,0,0
18322.9839,0,0,0,0
18323.6642,0,0,0,0
18324.8106,0,0,0,0
18326.3988,0,0,0,0
18328.3963,0,0,0,0
18330.7637,0,0,0,0
18333.4554,0,0,0,0
18336.4219,0,0,0,0
18339.6104,0,0,0,0
18342.9672,0,0,0,0
18346.4388,0,0,0,0
18349.9733,0,0,0,0
18353.5224,0,0,0,0
18357.0419,0,0,0,0
18360.4928,0,0,0,0
18363.8426,0,0,0,0
18367.065,0,0,0,0
18370.1409,0,0,0,0
18373.0577,0,0,0,0
18375.8095,0,0,0,0
18378.3961,0,0,0,0
18380.8228,0,0,0,0
18383.0987,0,0,0,0
18385.2364,0,0,0,0
18387.2502,0,0,0,0
18389.1551,0,0,0,0
18390.9659,0,0,0,0
18392.6952,0,0,0,0
18394.3532,0,0,0,0
18395.9464,0,0,0,0
18397.4768,0,0,0,0
18398.9414,0,0,0,0
18400.3322,0,0,0,0
18401.636,0,0,0,0
18402.8344,0,0,0,0
18403.9047,0,0,0,0
18404.8203,0,0,0,0
18405.5519,0,0,0,0
18406.0684,0,0,0,0
18406.3381,0,0,0,0
18406.3302,0,0,0,0
18406.0161,0,0,0,0
18405.3706,0,0,0,0
18404.3735,0,0,0,0
18403.0102,0,0,0,0
18401.2733,0,0,0,0
18399.1631,0,0,0,0
18396.688,0,0,0,0
18393.8651,0,0,0,0
18390.7198,0,0,0,0
18387.2859,0,0,0,0
18383.6046,0,0,0,0
18379.7241,0,0,0,0
18375.6979,0,0,0,0
18371.5839,0,0,0,0
18367.4429,0,0,0,0
18363.3365,0,0,0,0
18359.326,0,0,0,0
18355.4701,0,0,0,0
18351.8238,0,0,0,0
18348.4362,0,0,0,0
18345.3496,0,0,0,0
18342.5979,0,0,0,0
18340.206,0,0,0,0
18338.1888,0,0,0,0
18336.551,0,0,0,0
18335.2869,0,0,0,0
18334.3812,0,0,0,0
18333.8089,0,0,0,0
18333.5369,0,0,0,0
18333.5248,0,0,0,0
18333.7265,0,0,0,0
18334.092,0,0,0,0
18334.5692,0,0,0,0
18335.1055,0,0,0,0
18335.6501,0,0,0,0
18336.1554,0,0,0,0
18336.5794,0,0,0,0
18336.8867,0,0,0,0
18337.05,0,0,0,0
18337.0515,0,0,0,0
18336.8833,0,0,0,0
18336.5478,0,0,0,0
18336.0581,0,0,0,0
18335.4374,0,0,0,0
18334.7185,0,0,0,0
18333.9425,0,0,0,0
18333.158,0,0,0,0
18332.4189,0,0,0,0
18331.783,0,0,0,0
18331.3098,0,0,0,0
18293.9722,0,0,0,0
18294.305,0,0,0,0
18295.3852,0,0,0,0
18297.1929,0,0,0,0
18299.6942,0,0,0,0
18302.8423,0,0,0,0
18306.5785,0,0,0,0
18310.8342,0,0,0,0
18315.5327,0,0,0,0
18320.5915,0,0,0,0
18325.9241,0,0,0,0
18331.4429,0,0,0,0
18337.061,0,0,0,0
18342.6946,0,0,0,0
18348.265,0,0,0,0
18353.7002,0,0,0,0
18358.9368,0,0,0,0
18363.9209,0,0,0,0
18368.6088,0,0,0,0
18372.9682,0,0,0,0
18376.9773,0,0,0,0
18380.6254,0,0,0,0
18383.9118,0,0,0,0
18386.845,0,0,0,0
18389.4415,0,0,0,0
18391.7246,0,0,0,0
18393.7221,0,0,0,0
18395.4654,0,0,0,0
18396.9873,0,0,0,0
18398.3205,0,0,0,0
18399.496,0,0,0,0
18400.5411,0,0,0,0
18401.4792,0,0,0,0
18402.3279,0,0,0,0
18403.0987,0,0,0,0
18403.7966,0,0,0,0
18404.42,0,0,0,0
18404.9609,0,0,0,0
18405.4058,0,0,0,0
18405.7361,0,0,0,0
18405.9296,0,0,0,0
18405.9617,0,0,0,0
18405.8068,0,0,0,0
18405.4398,0,0,0,0
18404.838,0,0,0,0
18403.9821,0,0,0,0
18402.858,0,0,0,0
18401.4578,0,0,0,0
18399.7808,0,0,0,0
18397.8344,0,0,0,0
18395.6342,0,0,0,0
18393.2044,0,0,0,0
18390.5771,0,0,0,0
18387.792,0,0,0,0
18384.8952,0,0,0,0
18381.9378,0,0,0,0
18378.9748,0,0,0,0
18376.0627,0,0,0,0
18373.2581,0,0,0,0
18370.6154,0,0,0,0
18368.1848,0,0,0,0
18366.0104,0,0,0,0
18364.1285,0,0,0,0
18362.5656,0,0,0,0
18361.3376,0,0,0,0
18360.4485,0,0,0,0
18359.89,0,0,0,0
18359.641,0,0,0,0
18359.6685,0,0,0,0
18359.9278,0,0,0,0
18360.3638,0,0,0,0
18360.9127,0,0,0,0
18361.5041,0,0,0,0
18362.0629,0,0,0,0
18362.512,0,0,0,0
18362.775,0,0,0,0
18362.7792,0,0,0,0
18362.4577,0,0,0,0
18361.7527,0,0,0,0
18360.6175,0,0,0,0
18359.0191,0,0,0,0
18356.9391,0,0,0,0
18354.3761,0,0,0,0
18351.3456,0,0,0,0
18347.8809,0,0,0,0
18344.0322,0,0,0,0
18339.8663,0,0,0,0
18335.4649,0,0,0,0
18330.9223,0,0,0,0
18326.3436,0,0,0,0
18321.8413,0,0,0,0
18317.5324,0,0,0,0
18313.5345,0,0,0,0
18309.963,0,0,0,0
18306.9268,0,0,0,0
18304.5251,0,0,0,0
18302.8443,0,0,0,0
18301.9546,0,0,0,0
18358.5862,0,0,0,0
18358.9328,0,0,0,0
18359.9934,0,0,0,0
18361.7218,0,0,0,0
18364.0495,0,0,0,0
18366.8888,0,0,0,0
18370.1363,0,0,0,0
18373.6769,0,0,0,0
18377.3875,0,0,0,0
18381.1415,0,0,0,0
18384.8133,0,0,0,0
18388.2824,0,0,0,0
18391.4371,0,0,0,0
18394.1785,0,0,0,0
18396.4232,0,0,0,0
18398.1061,0,0,0,0
18399.1819,0,0,0,0
18399.6267,0,0,0,0
18399.438,0,0,0,0
18398.6346,0,0,0,0
18397.2556,0,0,0,0
18395.3587,0,0,0,0
18393.0177,0,0,0,0
18390.32,0,0,0,0
18387.3633,0,0,0,0
18384.2519,0,0,0,0
18381.093,0,0,0,0
18377.993,0,0,0,0
18375.0538,0,0,0,0
18372.3693,0,0,0,0
18370.0217,0,0,0,0
18368.0792,0,0,0,0
18366.5933,0,0,0,0
18365.5974,0,0,0,0
18365.1051,0,0,0,0
18365.11,0,0,0,0
18365.5858,0,0,0,0
18366.4874,0,0,0,0
18367.7517,0,0,0,0
18369.3005,0,0,0,0
18371.0423,0,0,0,0
18372.8758,0,0,0,0
18374.693,0,0,0,0
18376.383,0,0,0,0
18377.8353,0,0,0,0
18378.9439,0,0,0,0
18379.6107,0,0,0,0
18379.7488,0,0,0,0
18379.2856,0,0,0,0
18378.1654,0,0,0,0
18376.3516,0,0,0,0
18373.8279,0,0,0,0
18370.5997,0,0,0,0
18366.6939,0,0,0,0
18362.159,0,0,0,0
18357.0636,0,0,0,0
18351.4954,0,0,0,0
18345.5585,0,0,0,0
18339.3709,0,0,0,0
18333.0618,0,0,0,0
18326.7676,0,0,0,0
18320.6289,0,0,0,0
18314.7864,0,0,0,0
18309.3773,0,0,0,0
18304.5318,0,0,0,0
18300.3694,0,0,0,0
18296.996,0,0,0,0
18294.5011,0,0,0,0
18292.9554,0,0,0,0
18352.8271,0,0,0,0
18352.995,0,0,0,0
18353.3238,0,0,0,0
18353.7923,0,0,0,0
18354.3766,0,0,0,0
18355.0509,0,0,0,0
18355.7884,0,0,0,0
18356.5621,0,0,0,0
18357.3461,0,0,0,0
18358.1164,0,0,0,0
18358.8515,0,0,0,0
18359.5333,0,0,0,0
18360.1474,0,0,0,0
18360.6837,0,0,0,0
18361.1365,0,0,0,0
18361.5046,0,0,0,0
18361.7911,0,0,0,0
18362.0032,0,0,0,0
18362.1516,0,0,0,0
18362.2502,0,0,0,0
18362.3149,0,0,0,0
18362.3636,0,0,0,0
18362.4147,0,0,0,0
18362.4866,0,0,0,0
18362.5967,0,0,0,0
18362.7611,0,0,0,0
18362.9932,0,0,0,0
18363.3035,0,0,0,0
18363.6992,0,0,0,0
18364.1835,0,0,0,0
18364.7559,0,0,0,0
18365.4115,0,0,0,0
18366.1419,0,0,0,0
18366.9347,0,0,0,0
18367.7746,0,0,0,0
18368.6435,0,0,0,0
18369.5213,0,0,0,0
18370.3866,0,0,0,0
18371.2176,0,0,0,0
18371.9926,0,0,0,0
18372.6913,0,0,0,0
18373.295,0,0,0,0
18373.7877,0,0,0,0
18374.1568,0,0,0,0
18374.3929,0,0,0,0
18374.4911,0,0,0,0
18374.4504,0,0,0,0
18374.2743,0,0,0,0
18373.9704,0,0,0,0
18373.5501,0,0,0,0
18373.0286,0,0,0,0
18372.4237,0,0,0,0
18371.7559,0,0,0,0
18371.0468,0,0,0,0
18370.319,0,0,0,0
18369.595,0,0,0,0
18368.8963,0,0,0,0
18368.2426,0,0,0,0
18367.6511,0,0,0,0
18367.1358,0,0,0,0
18366.707,0,0,0,0
18366.3707,0,0,0,0
18366.1287,0,0,0,0
18365.9779,0,0,0,0
18365.9111,0,0,0,0
18365.9166,0,0,0,0
18365.979,0,0,0,0
18366.0796,0,0,0,0
18366.197,0,0,0,0
18366.3081,0,0,0,0
18366.3887,0,0,0,0
18366.4147,0,0,0,0
18366.3627,0,0,0,0
18366.2113,0,0,0,0
18365.9417,0,0,0,0
18365.5387,0,0,0,0
18364.9912,0,0,0,0
18364.2928,0,0,0,0
18363.4425,0,0,0,0
18362.4442,0,0,0,0
18361.3078,0,0,0,0
18360.048,0,0,0,0
18358.6848,0,0,0,0
18357.2424,0,0,0,0
18355.749,0,0,0,0
18354.2357,0,0,0,0
18352.736,0,0,0,0
18351.2841,0,0,0,0
18349.9147,0,0,0,0
18348.6614,0,0,0,0
18347.5557,0,0,0,0
18346.6263,0,0,0,0
18345.8982,0,0,0,0
18345.3914,0,0,0,0
18345.121,0,0,0,0
18304.7024,0,0,0,0
18305.2506,0,0,0,0
18306.632,0,0,0,0
18308.7924,0,0,0,0
18311.6653,0,0,0,0
18315.1738,0,0,0,0
18319.2319,0,0,0,0
18323.747,0,0,0,0
18328.6216,0,0,0,0
18333.7556,0,0,0,0
18339.0485,0,0,0,0
18344.4013,0,0,0,0
18349.7186,0,0,0,0
18354.9107,0,0,0,0
18359.8949,0,0,0,0
18364.5977,0,0,0,0
18368.9555,0,0,0,0
18372.9158,0,0,0,0
18376.4382,0,0,0,0
18379.4948,0,0,0,0
18382.0702,0,0,0,0
18384.1613,0,0,0,0
18385.7773,0,0,0,0
18386.9383,0,0,0,0
18387.675,0,0,0,0
18388.0269,0,0,0,0
18388.041,0,0,0,0
18387.7702,0,0,0,0
18387.2716,0,0,0,0
18386.6046,0,0,0,0
18385.8289,0,0,0,0
18385.0029,0,0,0,0
18384.1814,0,0,0,0
18383.4148,0,0,0,0
18382.7465,0,0,0,0
18382.2124,0,0,0,0
18381.8397,0,0,0,0
18381.6458,0,0,0,0
18381.6379,0,0,0,0
18381.813,0,0,0,0
18382.158,0,0,0,0
18382.6499,0,0,0,0
18383.2568,0,0,0,0
18383.9389,0,0,0,0
18384.6498,0,0,0,0
18385.3377,0,0,0,0
18385.9478,0,0,0,0
18386.4234,0,0,0,0
18386.7084,0,0,0,0
18386.7485,0,0,0,0
18386.4941,0,0,0,0
18385.9013,0,0,0,0
18384.9336,0,0,0,0
18383.5639,0,0,0,0
18381.7751,0,0,0,0
18379.5614,0,0,0,0
18376.9287,0,0,0,0
18373.8951,0,0,0,0
18370.4903,0,0,0,0
18366.7559,0,0,0,0
18362.7439,0,0,0,0
18358.516,0,0,0,0
18354.1419,0,0,0,0
18349.6979,0,0,0,0
18345.2649,0,0,0,0
18340.9262,0,0,0,0
18336.7655,0,0,0,0
18332.8647,0,0,0,0
18329.3015,0,0,0,0
18326.1476,0,0,0,0
18323.4669,0,0,0,0
18321.3133,0,0,0,0
18319.7296,0,0,0,0
18318.7463,0,0,0,0
18230.8853,0,0,0,0
18231.434,0,0,0,0
18233.6424,0,0,0,0
18237.5107,0,0,0,0
18243.0051,0,0,0,0
18250.0574,0,0,0,0
18258.5661,0,0,0,0
18268.3981,0,0,0,0
18279.3912,0,0,0,0
18291.3577,0,0,0,0
18304.0885,0,0,0,0
18317.3582,0,0,0,0
18330.9301,0,0,0,0
18344.5622,0,0,0,0
18358.0128,0,0,0,0
18371.0464,0,0,0,0
18383.4393,0,0,0,0
18394.9852,0,0,0,0
18405.4999,0,0,0,0
18414.8252,0,0,0,0
18422.8333,0,0,0,0
18429.4286,0,0,0,0
18434.5499,0,0,0,0
18438.1716,0,0,0,0
18440.3027,0,0,0,0
18440.9868,0,0,0,0
18440.2995,0,0,0,0
18438.3457,0,0,0,0
18435.2564,0,0,0,0
18431.1842,0,0,0,0
18426.2989,0,0,0,0
18420.7822,0,0,0,0
18414.8229,0,0,0,0
18408.611,0,0,0,0
18402.3331,0,0,0,0
18396.1669,0,0,0,0
18390.2769,0,0,0,0
18384.8104,0,0,0,0
18379.8936,0,0,0,0
18375.6292,0,0,0,0
18372.0941,0,0,0,0
18369.3383,0,0,0,0
18367.3845,0,0,0,0
18366.2283,0,0,0,0
18365.8398,0,0,0,0
18366.1649,0,0,0,0
18367.1282,0,0,0,0
18368.6363,0,0,0,0
18370.5807,0,0,0,0
18372.8425,0,0,0,0
18375.2955,0,0,0,0
18377.8116,0,0,0,0
18380.2636,0,0,0,0
18382.5303,0,0,0,0
18384.4992,0,0,0,0
18386.0705,0,0,0,0
18387.1596,0,0,0,0
18387.6992,0,0,0,0
18387.6413,0,0,0,0
18386.958,0,0,0,0
18385.6419,0,0,0,0
18383.7058,0,0,0,0
18381.182,0,0,0,0
18378.1209,0,0,0,0
18374.5886,0,0,0,0
18370.6653,0,0,0,0
18366.4417,0,0,0,0
18362.017,0,0,0,0
18357.4949,0,0,0,0
18352.981,0,0,0,0
18348.5795,0,0,0,0
18344.3901,0,0,0,0
18340.5054,0,0,0,0
18337.0084,0,0,0,0
18333.9705,0,0,0,0
18331.4495,0,0,0,0
18329.4886,0,0,0,0
18328.1158,0,0,0,0
18327.3433,0,0,0,0
18355.9666,0,0,0,0
18356.0344,0,0,0,0
18356.1663,0,0,0,0
18356.3456,0,0,0,0
18356.5559,0,0,0,0
18356.7814,0,0,0,0
18357.0082,0,0,0,0
18357.2242,0,0,0,0
18357.4205,0,0,0,0
18357.5908,0,0,0,0
18357.7328,0,0,0,0
18357.8473,0,0,0,0
18357.9389,0,0,0,0
18358.0154,0,0,0,0
18358.0878,0,0,0,0
18358.1696,0,0,0,0
18358.2763,0,0,0,0
18358.4247,0,0,0,0
18358.6321,0,0,0,0
18358.9158,0,0,0,0
18359.2916,0,0,0,0
18359.7738,0,0,0,0
18360.3739,0,0,0,0
18361.0999,0,0,0,0
18361.9562,0,0,0,0
18362.9427,0,0,0,0
18364.0544,0,0,0,0
18365.2819,0,0,0,0
18366.6108,0,0,0,0
18368.0221,0,0,0,0
18369.4928,0,0,0,0
18370.9961,0,0,0,0
18372.5023,0,0,0,0
18373.9798,0,0,0,0
18375.3956,0,0,0,0
18376.7166,0,0,0,0
18377.9104,0,0,0,0
18378.9467,0,0,0,0
18379.7981,0,0,0,0
18380.4407,0,0,0,0
18380.8555,0,0,0,0
18381.0288,0,0,0,0
18380.9529,0,0,0,0
18380.626,0,0,0,0
18380.053,0,0,0,0
18379.2452,0,0,0,0
18378.2198,0,0,0,0
18376.9998,0,0,0,0
18375.6132,0,0,0,0
18374.0923,0,0,0,0
18372.4727,0,0,0,0
18370.7922,0,0,0,0
18369.0895,0,0,0,0
18367.4034,0,0,0,0
18365.7713,0,0,0,0
18364.2281,0,0,0,0
18362.8052,0,0,0,0
18361.5293,0,0,0,0
18360.4218,0,0,0,0
18359.4981,0,0,0,0
18358.7669,0,0,0,0
18358.2305,0,0,0,0
18357.884,0,0,0,0
18357.7163,0,0,0,0
18357.71,0,0,0,0
18357.8422,0,0,0,0
18358.0854,0,0,0,0
18358.4084,0,0,0,0
18358.7776,0,0,0,0
18359.1579,0,0,0,0
18359.5144,0,0,0,0
18359.8134,0,0,0,0
18360.0236,0,0,0,0
18360.1177,0,0,0,0
18360.073,0,0,0,0
18359.8727,0,0,0,0
18359.5062,0,0,0,0
18358.9701,0,0,0,0
18358.2683,0,0,0,0
18357.4118,0,0,0,0
18356.4188,0,0,0,0
18355.3143,0,0,0,0
18354.129,0,0,0,0
18352.8988,0,0,0,0
18351.6636,0,0,0,0
18350.4659,0,0,0,0
18349.3498,0,0,0,0
18348.3589,0,0,0,0
18347.5358,0,0,0,0
18346.9197,0,0,0,0
18346.5459,0,0,0,0
18346.4437,0,0,0,0
18346.6361,0,0,0,0
18347.1384,0,0,0,0
18347.9575,0,0,0,0
18349.0919,0,0,0,0
18350.5312,0,0,0,0
18352.2563,0,0,0,0
18354.2395,0,0,0,0
18356.446,0,0,0,0
18358.8336,0,0,0,0
18361.355,0,0,0,0
18363.9582,0,0,0,0
18366.5884,0,0,0,0
18369.1895,0,0,0,0
18371.7056,0,0,0,0
18374.0829,0,0,0,0
18376.2708,0,0,0,0
18378.2237,0,0,0,0
18379.9025,0,0,0,0
18381.2753,0,0,0,0
18382.3186,0,0,0,0
18383.0179,0,0,0,0
18383.3684,0,0,0,0
18383.3744,0,0,0,0
18383.0501,0,0,0,0
18382.4183,0,0,0,0
18381.51,0,0,0,0
18380.3636,0,0,0,0
18379.0233,0,0,0,0
18377.538,0,0,0,0
18375.9597,0,0,0,0
18374.3416,0,0,0,0
18372.7368,0,0,0,0
18371.1966,0,0,0,0
18369.7687,0,0,0,0
18368.4956,0,0,0,0
18367.4135,0,0,0,0
18366.5514,0,0,0,0
18365.9295,0,0,0,0
18365.5592,0,0,0,0
18365.4424,0,0,0,0
18365.5716,0,0,0,0
18365.93,0,0,0,0
18366.4922,0,0,0,0
18367.225,0,0,0,0
18368.0884,0,0,0,0
18369.0368,0,0,0,0
18370.0206,0,0,0,0
18370.9878,0,0,0,0
18371.8856,0,0,0,0
18372.6623,0,0,0,0
18373.2689,0,0,0,0
18373.6605,0,0,0,0
18373.7984,0,0,0,0
18373.6509,0,0,0,0
18373.1946,0,0,0,0
18372.4155,0,0,0,0
18371.3094,0,0,0,0
18369.8824,0,0,0,0
18368.1507,0,0,0,0
18366.1407,0,0,0,0
18363.8879,0,0,0,0
18361.4365,0,0,0,0
18358.8383,0,0,0,0
18356.1507,0,0,0,0
18353.4362,0,0,0,0
18350.7599,0,0,0,0
18348.1879,0,0,0,0
18345.7858,0,0,0,0
18343.6165,0,0,0,0
18341.7389,0,0,0,0
18340.2056,0,0,0,0
18339.062,0,0,0,0
18338.3449,0,0,0,0
18353.5557,0,0,0,0
18353.7133,0,0,0,0
18354.0508,0,0,0,0
18354.5653,0,0,0,0
18355.2495,0,0,0,0
18356.0914,0,0,0,0
18357.0751,0,0,0,0
18358.1807,0,0,0,0
18359.3858,0,0,0,0
18360.665,0,0,0,0
18361.9918,0,0,0,0
18363.3387,0,0,0,0
18364.6782,0,0,0,0
18365.9841,0,0,0,0
18367.2315,0,0,0,0
18368.3985,0,0,0,0
18369.466,0,0,0,0
18370.4188,0,0,0,0
18371.2458,0,0,0,0
18371.9403,0,0,0,0
18372.5001,0,0,0,0
18372.9273,0,0,0,0
18373.2282,0,0,0,0
18373.4129,0,0,0,0
18373.4947,0,0,0,0
18373.4894,0,0,0,0
18373.4148,0,0,0,0
18373.2895,0,0,0,0
18373.1323,0,0,0,0
18372.961,0,0,0,0
18372.7922,0,0,0,0
18372.6397,0,0,0,0
18372.5144,0,0,0,0
18372.4237,0,0,0,0
18372.3707,0,0,0,0
18372.3543,0,0,0,0
18372.3689,0,0,0,0
18372.4046,0,0,0,0
18372.4477,0,0,0,0
18372.4808,0,0,0,0
18372.4836,0,0,0,0
18372.4337,0,0,0,0
18372.3075,0,0,0,0
18372.0813,0,0,0,0
18371.732,0,0,0,0
18371.2384,0,0,0,0
18370.5825,0,0,0,0
18369.7497,0,0,0,0
18368.7305,0,0,0,0
18367.5206,0,0,0,0
18366.1221,0,0,0,0
18364.543,0,0,0,0
18362.7981,0,0,0,0
18360.9088,0,0,0,0
18358.9025,0,0,0,0
18356.8123,0,0,0,0
18354.6761,0,0,0,0
18352.5359,0,0,0,0
18350.4365,0,0,0,0
18348.4243,0,0,0,0
18346.5458,0,0,0,0
18344.8466,0,0,0,0
18343.3695,0,0,0,0
18342.1534,0,0,0,0
18341.2321,0,0,0,0
18340.6328,0,0,0,0
18336.7001,0,0,0,0
18336.9096,0,0,0,0
18337.4102,0,0,0,0
18338.1607,0,0,0,0
18339.1161,0,0,0,0
18340.2297,0,0,0,0
18341.455,0,0,0,0
18342.7467,0,0,0,0
18344.063,0,0,0,0
18345.3662,0,0,0,0
18346.6247,0,0,0,0
18347.8131,0,0,0,0
18348.9134,0,0,0,0
18349.9153,0,0,0,0
18350.8158,0,0,0,0
18351.6196,0,0,0,0
18352.3379,0,0,0,0
18352.9879,0,0,0,0
18353.592,0,0,0,0
18354.1761,0,0,0,0
18354.7683,0,0,0,0
18355.3977,0,0,0,0
18356.0927,0,0,0,0
18356.8797,0,0,0,0
18357.7814,0,0,0,0
18358.8158,0,0,0,0
18359.9952,0,0,0,0
18361.3252,0,0,0,0
18362.8042,0,0,0,0
18364.423,0,0,0,0
18366.1651,0,0,0,0
18368.0067,0,0,0,0
18369.9175,0,0,0,0
18371.8617,0,0,0,0
18373.7988,0,0,0,0
18375.6851,0,0,0,0
18377.4754,0,0,0,0
18379.1241,0,0,0,0
18380.5875,0,0,0,0
18381.8248,0,0,0,0
18382.8003,0,0,0,0
18383.484,0,0,0,0
18383.8538,0,0,0,0
18383.8958,0,0,0,0
18383.6053,0,0,0,0
18382.9874,0,0,0,0
18382.0568,0,0,0,0
18380.8377,0,0,0,0
18379.3634,0,0,0,0
18377.6751,0,0,0,0
18375.8212,0,0,0,0
18373.8555,0,0,0,0
18371.8355,0,0,0,0
18369.821,0,0,0,0
18367.872,0,0,0,0
18366.0466,0,0,0,0
18364.3994,0,0,0,0
18362.9797,0,0,0,0
18361.8293,0,0,0,0
18360.9819,0,0,0,0
18360.4614,0,0,0,0
18360.281,0,0,0,0
18360.4431,0,0,0,0
18360.9386,0,0,0,0
18361.7475,0,0,0,0
18362.8396,0,0,0,0
18364.1748,0,0,0,0
18365.705,0,0,0,0
18367.3752,0,0,0,0
18369.1256,0,0,0,0
18370.8933,0,0,0,0
18372.6144,0,0,0,0
18374.226,0,0,0,0
18375.6685,0,0,0,0
18376.8875,0,0,0,0
18377.8353,0,0,0,0
18378.4729,0,0,0,0
18378.7712,0,0,0,0
18378.7118,0,0,0,0
18378.2877,0,0,0,0
18377.5037,0,0,0,0
18376.376,0,0,0,0
18374.9319,0,0,0,0
18373.209,0,0,0,0
18371.2534,0,0,0,0
18369.1188,0,0,0,0
18366.8645,0,0,0,0
18364.5533,0,0,0,0
18362.2495,0,0,0,0
18360.0168,0,0,0,0
18357.9161,0,0,0,0
18356.0037,0,0,0,0
18354.329,0,0,0,0
18352.9334,0,0,0,0
18351.8483,0,0,0,0
18351.0949,0,0,0,0
18350.6827,0,0,0,0
18250.3604,0,0,0,0
18250.8151,0,0,0,0
18252.305,0,0,0,0
18254.717,0,0,0,0
18257.9257,0,0,0,0
18261.7968,0,0,0,0
18266.1918,0,0,0,0
18270.972,0,0,0,0
18276.0025,0,0,0,0
18281.1563,0,0,0,0
18286.3177,0,0,0,0
18291.3857,0,0,0,0
18296.2763,0,0,0,0
18300.925,0,0,0,0
18305.2878,0,0,0,0
18309.3417,0,0,0,0
18313.0851,0,0,0,0
18316.5365,0,0,0,0
18319.7329,0,0,0,0
18322.728,0,0,0,0
18325.589,0,0,0,0
18328.3936,0,0,0,0
18331.226,0,0,0,0
18334.1732,0,0,0,0
18337.3211,0,0,0,0
18340.7504,0,0,0,0
18344.5324,0,0,0,0
18348.7262,0,0,0,0
18353.3748,0,0,0,0
18358.5031,0,0,0,0
18364.116,0,0,0,0
18370.1968,0,0,0,0
18376.7069,0,0,0,0
18383.5865,0,0,0,0
18390.7555,0,0,0,0
18398.1154,0,0,0,0
18405.5522,0,0,0,0
18412.9395,0,0,0,0
18420.1425,0,0,0,0
18427.0219,0,0,0,0
18433.4392,0,0,0,0
18439.2604,0,0,0,0
18444.3613,0,0,0,0
18448.6318,0,0,0,0
18451.9796,0,0,0,0
18454.3343,0,0,0,0
18455.6497,0,0,0,0
18455.9069,0,0,0,0
18455.1146,0,0,0,0
18453.3103,0,0,0,0
18450.5596,0,0,0,0
18446.9546,0,0,0,0
18442.6117,0,0,0,0
18437.6684,0,0,0,0
18432.2793,0,0,0,0
18426.6112,0,0,0,0
18420.8384,0,0,0,0
18415.1369,0,0,0,0
18409.6788,0,0,0,0
18404.6264,0,0,0,0
18400.1269,0,0,0,0
18396.3072,0,0,0,0
18393.2693,0,0,0,0
18391.0865,0,0,0,0
18389.8,0,0,0,0
18389.4175,0,0,0,0
18389.9116,0,0,0,0
18391.2201,0,0,0,0
18393.2473,0,0,0,0
18395.8662,0,0,0,0
18398.922,0,0,0,0
18402.2366,0,0,0,0
18405.6134,0,0,0,0
18408.8437,0,0,0,0
18411.7127,0,0,0,0
18414.0067,0,0,0,0
18415.5196,0,0,0,0
18416.0601,0,0,0,0
18415.4577,0,0,0,0
18413.5691,0,0,0,0
18410.2834,0,0,0,0
18405.5262,0,0,0,0
18399.2632,0,0,0,0
18391.5024,0,0,0,0
18382.2948,0,0,0,0
18371.7344,0,0,0,0
18359.9562,0,0,0,0
18347.1336,0,0,0,0
18333.4741,0,0,0,0
18319.2145,0,0,0,0
18304.6146,0,0,0,0
