15632,3886,2464,1106,1274
15632,3886,2464,1106,1274
15620,3888,2474,1109,1257
15620,3888,2474,1109,1257
15620,3888,2474,1109,1257
15620,3888,2474,1109,1257
15620,3888,2474,1109,1257
15620,3888,2474,1109,1257
15620,3888,2474,1109,1257
15620,3888,2474,1109,1257
15620,3888,2474,1109,1257
15620,3888,2474,1109,1257
15620,3888,2474,1109,1257
15620,3888,2474,1109,1257
15620,3888,2474,1109,1257
15620,3888,2474,1109,1257
15634,3890,2476,1105,1261
15634,3890,2476,1105,1261
15634,3890,2476,1105,1261
15634,3890,2476,1105,1261
15634,3890,2476,1105,1261
15634,3890,2476,1105,1261
15634,3890,2476,1105,1261
15634,3890,2476,1105,1261
15634,3890,2476,1105,1261
15634,3890,2476,1105,1261
15634,3890,2476,1105,1261
15634,3890,2476,1105,1261
15634,3890,2476,1105,1261
15634,3890,2476,1105,1261
15634,3890,2476,1105,1261
15634,3890,2476,1105,1261
15634,3890,2476,1105,1261
15634,3890,2476,1105,1261
15634,3890,2476,1105,1261
15634,3890,2476,1105,1261
15634,3890,2476,1105,1261
15634,3890,2476,1105,1261
15634,3890,2476,1105,1261
15634,3890,2476,1105,1261
15634,3890,2476,1105,1261
15634,3890,2476,1105,1261
15634,3890,2476,1105,1261
15634,3890,2476,1105,1261
15634,3890,2476,1105,1261
15634,3890,2476,1105,1261
15634,3890,2476,1105,1261
15634,3890,2476,1105,1261
15634,3890,2476,1105,1261
15634,3890,2476,1105,1261
15634,3890,2476,1105,1261
15634,3890,2476,1105,1261
15630,3887,2481,1099,1274
15630,3887,2481,1099,1274
15630,3887,2481,1099,1274
15630,3887,2481,1099,1274
15630,3887,2481,1099,1274
15630,3887,2481,1099,1274
15630,3887,2481,1099,1274
15630,3887,2481,1099,1274
15630,3887,2481,1099,1274
15630,3887,2481,1099,1274
15630,3887,2481,1099,1274
15630,3887,2481,1099,1274
15630,3887,2481,1099,1274
15630,3887,2481,1099,1274
15630,3887,2481,1099,1274
15630,3887,2481,1099,1274
15630,3887,2481,1099,1274
15630,3887,2481,1099,1274
15630,3887,2481,1099,1274
15630,3887,2481,1099,1274
15630,3887,2481,1099,1274
15630,3887,2481,1099,1274
15630,3887,2481,1099,1274
15630,3887,2481,1099,1274
15630,3887,2481,1099,1274
15630,3887,2481,1099,1274
15630,3887,2481,1099,1274
15630,3887,2481,1099,1274
15630,3887,2481,1099,1274
15630,3887,2481,1099,1274
15630,3887,2481,1099,1274
15630,3887,2481,1099,1274
15630,3887,2481,1099,1274
15630,3887,2481,1099,1274
15630,3887,2481,1099,1274
15630,3887,2481,1099,1274
15630,3887,2481,1099,1274
15630,3887,2481,1099,1274
15630,3887,2481,1099,1274
15630,3887,2481,1099,1274
15630,3887,2481,1099,1274
15630,3887,2481,1099,1274
15630,3887,2481,1099,1274
15630,3887,2481,1099,1274
15630,3887,2481,1099,1274
15630,3887,2481,1099,1274
15630,3887,2481,1099,1274
15630,3887,2481,1099,1274
