63658,25856,44544,29952,26880,
42154,23040,48896,29440,26112,
37546,27136,61952,27648,28160,
10922,38912,55296,26880,26880,
29866,52992,52736,27904,26880,
34730,63232,4096,28928,26112,
5034,2304,61184,29696,26880,
65194,51712,3584,26112,23808,
65194,24320,33536,28928,30208,
65194,45312,37632,25856,25344,
65194,15360,25856,22528,17152,
65194,34560,12288,29952,22784,
65194,12032,39168,33024,28416,
65194,10240,45056,30720,29696,
65194,60160,34304,26624,28416,
65194,23552,16640,27648,26624,
65194,18432,10496,27648,23808,
65194,44800,47360,25344,23808,
65194,16128,59136,20992,21248,
65194,34560,55040,19712,21504,
65194,49152,35584,17920,18432,
65194,38400,56064,18944,19712,
65194,22528,38400,19200,17920,
65194,60160,30720,18944,18688,
65194,57088,27904,17664,19456,
65194,3328,25088,18176,19712,
65194,38656,21504,17920,19712,
65194,27904,20480,16640,16896,
65194,62464,14592,17408,17152,
65194,49920,12032,17664,18176,
65194,13056,5632,15360,18688,
65194,29184,62976,18944,15872,
65194,4096,53504,19968,16896,
65194,47360,40960,17664,15104,
65194,46848,38656,17664,15872,
65194,52224,41728,15104,16384,
65194,23808,47360,17408,16896,
65194,48896,48640,18432,14592,
65194,1280,52224,17920,17408,
65194,2304,54272,16896,14592,
65194,57600,52480,17664,13824,
65194,51456,48384,18688,16896,
65194,47104,47360,15616,17152,
65194,48640,45056,18688,16896,
65194,47104,47360,17408,15616,
65194,46848,49664,16640,17408,
65194,48384,49408,18176,15616,
65194,50688,47872,17664,17920,
65194,49920,49920,16896,14592,
65194,55040,48384,18432,16128,
65194,52736,52224,17920,14592,
65194,56064,53504,16384,15360,
65194,54528,49664,17152,16384,
65194,57344,49664,18688,18176,
65194,54528,53760,17408,15872,
65194,60416,53760,17920,15104,
65194,59392,55296,16896,15616,
65194,62464,54528,19200,15616,
65194,65280,56320,17664,16896,
65194,64768,56576,21504,12800,
65194,1536,54528,18176,14080,
65194,1792,59648,16384,15104,
65194,4096,57344,17664,15360,
65194,3328,57088,17920,16896,
65194,5888,57088,19200,14336,
65194,5632,58112,18688,15104,
65194,8192,58368,19712,15104,
65194,8960,57344,18432,12544,
65194,9216,58112,17152,17152,
65194,7680,57856,19712,18432,
65194,9472,56832,15872,15872,
65194,11008,61696,18176,15872,
65194,13312,59136,17664,15360,
65194,10752,59392,18176,15104,
65194,14592,57856,16640,15616,
65194,12032,59136,18176,13824,
65194,12800,60928,14848,16384,
65194,13824,61952,18432,15360,
65194,18176,61440,15616,13824,
65194,17664,60928,18176,15616,
65194,18432,63232,18176,14848,
65194,19712,62208,17408,16384,
65194,22016,63488,19712,14336,
65194,23552,64000,17664,16640,
65194,24832,0,17664,14848,
65194,26624,256,19712,15616,
65194,27392,512,16640,13568,
65194,28928,1280,14848,16128,
65194,28416,1024,16896,13312,
65194,33792,2304,19712,15360,
65194,33280,2560,16896,18688,
65194,33280,3072,18944,15872,
65194,35584,6144,20224,17152,
65194,35328,3840,20992,15872,
65194,36864,3328,18432,17152,
65194,37120,3328,17664,15872,
65194,39680,5120,16128,16384,
65194,37888,5376,18176,14336,
65194,38912,5888,19200,18432,
65194,37888,6656,19200,16896,
65194,41216,5632,20480,17408,
65194,41216,5120,16384,14336,
65194,39680,5888,18688,15360,
65194,38656,3072,18944,14848,
65194,40704,7168,19456,15616,
65194,39424,5376,16896,15104,
65194,43264,5632,17920,12544,
65194,40192,4864,17408,15616,
65194,42496,6912,20480,18688,
65194,41728,7424,17152,11008,
65194,40448,7168,17408,15872,
65194,41728,6144,17408,15104,
65194,41984,7168,18944,14592,
65194,45056,8192,18688,15872,
65194,44800,4352,16384,16640,
65194,42752,8960,14848,15872,
65194,42752,7936,18688,17152,
65194,43520,8448,16128,15104,
65194,45824,7424,18176,16640,
65194,46080,7680,19456,15616,
65194,45824,5632,17664,15616,
65194,46592,7680,18432,13568,
65194,47104,9984,16640,15872,
65194,46080,9472,17664,13824,
65194,47360,8704,16640,14336,
65194,49152,11264,16640,18176,
65194,46848,9216,18432,15104,
65194,47616,8704,18944,16128,
65194,47872,10240,18176,16384,
65194,49408,10752,18944,15616,
65194,49664,8448,17920,14592,
65194,49664,11776,18944,15360,
65194,51456,11008,20736,15616,
65194,50944,13056,16896,15360,
65194,51456,11008,15360,13312,
65194,50176,11776,16896,15104,
65194,49920,11008,19968,16128,
65194,50688,11776,16128,15616,
65194,50688,11008,18944,17920,
65194,51200,11520,17664,16640,
65194,49664,11264,18688,16128,
65194,52480,10496,20480,15616,
65194,48896,12288,18176,14336,
65194,55296,10496,14080,13824,
65194,53504,12288,19968,13824,
65194,51456,10752,16384,16384,
65194,49408,12544,18432,17408,
65194,50432,11776,17152,14080,
65194,52736,12544,19200,17664,
65194,51200,12544,17920,13824,
65194,53248,11776,18944,16384,
65194,53248,9984,18688,12288,
65194,49920,13568,19456,16128,
65194,51968,11264,18176,15872,
65194,49920,9216,20224,15360,
65194,55040,13312,15872,16128,
65194,53248,10240,18944,12544,
65194,51456,13312,16128,17408,
65194,50944,11264,18432,17664,
65194,52480,9984,18432,15616,
65194,51968,12032,17408,12544,
65194,52736,8960,18432,15104,
65194,51968,10752,17920,15104,
65194,52736,11008,17152,14848,
65194,53760,9728,17408,16128,
65194,52736,12544,20480,15616,
65194,54272,15104,20992,13824,
65194,55808,13568,20480,14080,
65194,56320,12032,18688,16896,
65194,54784,12288,18944,16384,
65194,55296,11776,15360,17408,
65194,55296,14336,17408,15104,
65194,54272,15104,19456,14592,
65194,55296,14080,17920,16384,
65194,57600,13568,17920,15872,
65194,53504,14592,16896,15360,
65194,56320,11008,18432,15104,
65194,54528,13824,17664,17152,
65194,57088,15104,18176,17152,
65194,54528,12288,18944,12032,
65194,56320,14336,17920,15104,
65194,57088,11776,17664,16128,
65194,56320,15616,19712,16384,
65194,56576,14080,17664,16128,
65194,58112,14592,16640,14336,
65194,56832,13568,17664,14336,
65194,60928,13824,17152,17408,
65194,56576,13824,17152,16384,
65194,56064,13824,18688,15360,
65194,56576,12800,17664,14336,
65194,58112,13568,19456,15872,
65194,57088,13568,18944,15360,
65194,56320,14592,18176,16128,
65194,56064,14080,16128,15104,
65194,59648,16640,19200,15616,
65194,58880,14336,18944,16896,
65194,60160,16384,20224,14080,
65194,57856,14848,18176,14848,
65194,59648,14336,19456,16384,
65194,60928,17408,17664,14848,
65194,58880,13568,17920,14336,
65194,60160,12800,18176,16640,
65194,58880,16384,17408,14080,
65194,59648,14592,17408,15360,
65194,63744,16128,16640,15616,
65194,60928,15104,19200,16128,
65194,58880,14592,18688,16640,
65194,62976,13056,19456,17152,
65194,62208,16384,17664,14080,
65194,60928,14848,17152,13824,
65194,61440,15616,17920,13824,
65194,61440,16384,18688,15360,
65194,62208,14592,18176,13824,
65194,62208,16896,19200,17408,
65194,60416,15104,17664,14336,
65194,61440,15616,18688,17664,
65194,62976,16128,19200,15360,
65194,63232,15616,20224,16640,
65194,64768,16384,15616,18176,
65194,62464,16128,17408,16384,
65194,61696,15872,20480,15616,
65194,64512,15360,15616,13568,
65194,61696,17920,18432,15104,
65194,62976,13312,17664,13824,
65194,61952,15104,17664,15104,
65194,61184,14848,17408,14848,
65194,61696,13312,18944,14080,
65194,60416,16384,17152,13312,
65194,58112,14848,17408,15360,
65194,59648,14080,18688,16896,
65194,60928,14080,18944,15104,
65194,61952,15616,17664,14336,
65194,61696,14080,20224,14080,
65194,59392,16128,18432,12288,
65194,62208,13312,17920,13568,
65194,61440,17152,16896,15104,
65194,64000,14848,17152,15360,
65194,63232,15104,16640,17152,
65194,62208,14336,17920,13824,
65194,62720,14336,16640,14080,
65194,61184,16384,17408,15872,
65194,62464,13568,18688,16896,
65194,61184,13056,18688,13824,
65194,59648,14848,20992,17152,
65194,60672,14592,16384,16640,
65194,61184,14080,17152,13056,
65194,61184,14336,18944,17664,
65194,60672,15104,18432,15104,
65194,62464,16128,19712,14592,
65194,63744,14592,17408,17152,
65194,58624,14848,18944,15360,
65194,61184,14080,17152,14336,
65194,62208,13824,18944,14592,
65194,60416,14080,18176,14592,
65194,62976,15616,16896,17152,
65194,64512,13312,17920,13312,
65194,60928,14336,18176,16640,
65194,61696,13824,18432,14848,
65194,61440,16384,19456,15616,
65194,61952,15104,18688,15872,
65194,62464,15360,18688,13568,
65194,64256,14336,18176,16384,
65194,64512,16384,17408,15104,
65194,63744,14080,16128,18176,
65194,60672,13312,17408,15616,
65194,63744,13056,17408,15616,
65194,64000,13824,18944,14080,
65194,62720,14592,17920,15616,
65194,61440,15104,17408,16384,
65194,60416,15360,18944,14848,
65194,62720,15872,18176,14080,
65194,61184,15104,20992,12288,
65194,61440,14848,18688,16128,
65194,62720,15616,16384,16640,
65194,63232,15104,16640,14848,
65194,64768,16128,17920,16896,
65194,62208,15104,17920,14336,
65194,64000,16384,21760,16128,
65194,62464,14592,17408,14592,
65194,1280,14336,17664,15616,
65194,62464,15872,19968,13312,
65194,61696,15360,19712,14080,
65194,63488,14080,16896,16128,
65194,64000,14592,17664,15360,
65194,60416,17152,19200,14592,
65194,62976,16128,16640,14848,
65194,64000,16640,14336,15872,
65194,256,15872,17664,14080,
65194,64512,15616,17408,15360,
65194,64000,16128,17920,15360,
65194,256,16128,18432,16640,
65194,61952,15104,19712,15872,
65194,62720,13824,17920,12800,
65194,0,15360,18944,17408,
65194,61696,13568,16384,14080,
65194,62464,15872,19200,14336,
65194,62976,14592,19712,13056,
65194,61952,14336,18176,14336,
65194,60416,15104,18432,16640,
65194,64768,15104,17408,13056,
65194,59136,16640,17664,13056,
65194,60928,13824,17664,13568,
65194,64256,16640,17664,16640,
65194,61440,13568,18688,14848,
65194,63232,16896,19200,17152,
65194,60672,13568,18176,14848,
65194,64256,13568,20480,14080,
65194,64000,13824,17408,16640,
65194,61184,15360,16896,15104,
65194,61184,14592,19200,15872,
65194,63232,16384,19712,15616,
65194,60160,12800,16896,15872,
65194,65024,16384,17664,14592,
65194,62464,14080,18176,12032,
65194,63488,14848,18944,16128,
65194,62720,14336,18944,16896,
65194,63232,13056,19456,16128,
65194,60928,15872,18944,16384,
65194,64000,16640,18432,16384,
65194,62208,16640,16896,16384,
65194,61952,17664,17664,14336,
65194,64256,13568,18688,15360,
65194,0,14336,18944,15616,
65194,65280,15104,17664,15104,
65194,64000,18688,17920,15360,
65194,62720,16128,15616,15616,
65194,256,15360,16896,13568,
65194,61440,17152,18944,15360,
65194,64512,15360,16128,13568,
65194,65024,17920,19200,15360,
65194,60672,15360,20224,14848,
65194,62720,16896,17408,14848,
65194,62208,16384,19456,14336,
65194,256,15616,16128,14848,
65194,63744,12544,17408,16896,
65194,63488,16128,15872,14848,
65194,62720,13056,18688,13824,
65194,63232,14848,19200,14848,
65194,64768,16384,17664,14592,
65194,64000,15104,18432,16128,
65194,61696,16128,19968,16896,
65194,63232,13824,18176,16128,
65194,64256,15104,16128,15872,
65194,62464,13056,18432,13568,
65194,64256,15616,19200,14592,
65194,0,14848,19968,13568,
65194,3328,16128,16384,14848,
65194,5120,15616,18176,17664,
65194,5376,17152,16896,15104,
65194,4096,14848,17920,15360,
65194,1024,12800,16640,15360,
65194,4864,15104,17920,14080,
65194,9472,17152,17664,14080,
65194,21504,19968,17664,12544,
65194,51712,28416,18688,16640,
65194,39168,39680,18944,17664,
65194,16384,62976,19200,18944,
65194,24576,34048,20480,20480,
65194,5888,45568,18944,20736,
65194,3328,46848,19200,19200,
65194,256,20736,19200,16896,
65194,2816,54272,19968,19712,
65194,57856,23808,18176,18944,
65194,46080,5632,18432,17664,
65194,16128,0,15360,19200,
65194,16128,5632,16384,18176,
65194,55296,5120,17920,16896,
65194,47104,8448,14336,13568,
65194,9216,53248,15616,17664,
65194,46336,44288,14336,16384,
65194,24320,27136,16896,16640,
65194,5632,51200,16384,17152,
65194,22016,29440,14336,15616,
65194,5376,6656,13312,15360,
65194,7680,32000,16128,14336,
65194,43776,23296,16384,14592,
65194,23552,20480,17152,16640,
65194,23552,39680,19456,16896,
65194,59136,48640,16896,18432,
65194,7168,1280,17920,22528,
65194,5632,15616,21248,22272,
65194,2816,19200,20992,19456,
65194,12800,24320,19712,19200,
65194,54528,35072,18688,22016,
65194,51456,59648,20736,22784,
65194,64768,14592,21504,22784,
65194,46080,47616,24320,23296,
65194,16640,64768,22784,25344,
65194,55808,22016,21504,26624,
65194,23808,43264,25856,25088,
65194,32512,64256,23040,27648,
65194,33024,13824,24576,25856,
65194,1792,26624,23808,25088,
65194,45312,41728,25600,24832,
65194,61440,54784,22528,24320,
65194,38400,60672,23296,28416,
65194,37888,58880,23296,26368,
65194,12800,56832,24064,25600,
65194,36608,52480,23040,26368,
65194,5376,48640,24064,25600,
65194,35584,45568,23040,26368,
65194,60672,43008,24064,24576,
65194,26624,41216,20480,26880,
65194,52224,40704,23040,23808,
65194,15104,37376,25088,27904,
65194,45056,34304,24064,26624,
65194,8192,31744,23040,24320,
65194,43264,28928,23552,22784,
65194,14848,24064,25088,26880,
65194,57088,24576,21760,26112,
65194,37120,24064,23552,26112,
65194,15872,19712,21504,24576,
65194,256,21760,22272,24576,
65194,55808,22784,22784,24832,
65194,41472,19712,24064,25344,
65194,30464,19968,24576,25088,
65194,18944,18944,22528,25344,
65194,4608,18688,25088,23808,
65194,58880,18176,22272,27136,
65194,48128,16384,24832,27392,
65194,41984,19200,23296,26368,
65194,36864,18688,22528,25088,
65194,34560,19968,24320,23296,
65194,28160,16896,23552,25344,
65194,22784,16896,23296,26880,
65194,16128,15872,21760,24576,
65194,11776,14592,23552,25344,
65194,4352,17408,22784,24064,
65194,63488,15616,23808,22016,
65194,63488,16896,24320,27648,
65194,58112,16128,24064,26880,
65194,54784,16128,24320,25088,
65194,51968,16896,20480,24320,
65194,48896,17408,22528,24320,
65194,51456,15872,23552,22528,
65194,48384,16896,20480,24320,
65194,49152,14592,22528,24320,
65194,48128,18432,24832,25856,
65194,44032,14080,23808,25600,
65194,42240,14848,24320,25600,
65194,43264,16128,22528,24064,
65194,40192,15104,23296,25600,
65194,43776,16640,24320,25600,
65194,41728,15616,23040,25856,
65194,39936,14336,21760,25344,
65194,35840,14336,22016,24576,
65194,33280,13056,22528,25600,
65194,32768,12800,21760,23040,
65194,30208,15616,22528,23808,
65194,30464,12288,21248,24064,
65194,27648,12288,21504,23296,
65194,25344,13568,23552,23040,
65194,23040,11776,21760,23296,
65194,25088,14848,22272,26880,
65194,18944,13312,24320,24576,
65194,19968,11264,22272,23296,
65194,18944,13056,21248,24832,
65194,18688,9472,25600,24064,
65194,18688,11776,20736,23808,
65194,15872,12800,21248,23040,
65194,16896,13568,22528,23040,
65194,17920,12288,24320,24320,
65194,16384,13824,23552,26880,
65194,17920,14080,21760,22272,
65194,17664,14080,23040,22784,
65194,17664,14336,25600,22016,
65194,17664,14080,22272,21760,
65194,18688,13568,22272,23040,
65194,19456,12800,21760,23040,
65194,20224,12288,21248,23552,
65194,19712,15104,23552,26112,
65194,19968,14080,23296,25600,
65194,20992,14592,24064,23552,
65194,20480,12288,22016,24832,
65194,16640,14848,23552,23296,
65194,17920,12800,23808,25856,
65194,16640,15360,22016,22784,
65194,19200,13312,23552,24576,
65194,17920,15872,22272,24320,
65194,17664,14848,21760,25600,
65194,17408,16384,24320,23552,
65194,17408,13568,22016,22272,
65194,17664,15104,22784,25344,
65194,19712,13312,23552,24064,
65194,16640,11776,23040,24832,
65194,17664,13824,23296,22784,
65194,16896,13312,21248,23296,
65194,18688,16128,23040,21504,
65194,16384,12032,20224,24576,
65194,16384,16640,23552,23296,
65194,14848,14080,22528,25600,
65194,15360,13824,22272,26880,
65194,12800,14080,22528,25856,
65194,11008,14848,22784,23296,
65194,15104,16896,21760,22016,
65194,13056,13824,22016,21760,
65194,13568,15872,22272,24320,
65194,12288,15872,25344,22784,
65194,8960,15360,22784,25088,
65194,11520,14592,24320,23808,
65194,11776,17152,22784,24832,
65194,12800,15360,24576,22784,
65194,12544,15360,22784,23808,
65194,12032,15104,21760,24064,
65194,13056,16384,22784,23296,
65194,11520,13824,21760,22784,
65194,12800,14592,24064,26112,
65194,12032,14848,23808,22272,
65194,10752,15360,21248,23040,
65194,13056,15104,23808,23808,
65194,11776,15616,23552,21504,
65194,11264,14080,22784,23808,
65194,11008,15104,23552,24320,
65194,8192,15872,23040,21760,
65194,8704,14080,23808,24832,
65194,10240,15104,23808,23296,
65194,9216,13824,20736,24064,
65194,9216,16384,22528,23296,
65194,8192,15104,24320,24832,
65194,6144,14592,23808,24576,
65194,7680,14336,25088,24576,
65194,8448,14080,23552,26624,
65194,6144,13568,23296,23040,
65194,6912,13056,23552,22016,
65194,7424,13568,23040,22528,
65194,7424,14848,22528,24320,
65194,5376,14336,23040,25600,
65194,6400,14336,24064,24576,
65194,6656,16128,22272,24832,
65194,3328,15104,23296,23808,
65194,4608,13824,24064,27392,
65194,6400,15872,23552,23552,
65194,4352,14848,23296,22784,
65194,7168,15360,22016,25856,
65194,6144,14336,23040,24832,
65194,6144,15104,22272,22784,
65194,3072,15360,20736,23808,
65194,1792,13312,21504,25600,
65194,2816,14080,23808,25600,
65194,5632,15104,22528,25600,
65194,2304,16640,20992,27648,
65194,4352,15360,24320,25600,
65194,4352,17664,23040,26368,
65194,3584,14848,23808,23296,
65194,6144,17152,20736,24576,
65194,3840,14848,24064,25088,
65194,4864,16384,21248,24576,
65194,6400,13824,23040,23040,
65194,6400,15360,21248,23040,
65194,5888,15104,22272,24576,
65194,7680,16128,20480,22272,
65194,8448,17920,22272,22272,
65194,7936,14592,24576,22784,
65194,8704,16384,22528,23808,
65194,8960,18176,23296,22016,
65194,12032,15104,22016,23040,
65194,11776,16384,20992,26880,
65194,10752,16640,22784,26112,
65194,8448,14336,22528,23040,
65194,8448,17920,23808,22784,
65194,9216,16128,25600,22272,
65194,9984,15616,21760,22528,
65194,10752,15872,21248,25088,
65194,8448,18432,23552,23296,
65194,12544,17920,23552,22016,
65194,11008,17920,22528,25088,
65194,13056,17664,22528,22272,
65194,11008,16384,22272,23552,
65194,12544,14848,21760,23808,
65194,11520,17920,21248,24576,
65194,11520,16896,21760,23552,
65194,9472,16896,22272,22784,
65194,11520,16896,25344,25600,
65194,12544,17408,23296,24576,
65194,8960,18688,21760,21760,
65194,13824,19200,20992,25088,
65194,12800,19200,22016,24832,
65194,12288,16128,22016,25344,
65194,13056,16896,22528,23296,
65194,14080,17920,21760,19968,
65194,13312,16384,22016,22272,
65194,11520,18432,20480,23808,
65194,13056,15104,23552,24576,
65194,16384,16896,22016,21248,
65194,11520,17408,24064,27904,
65194,13056,16128,22528,23808,
65194,13056,18688,23040,21248,
65194,11776,15616,21504,23808,
65194,12288,15872,22272,22784,
65194,10496,16384,25344,22528,
65194,12288,15616,22784,24064,
65194,11776,16896,21504,24064,
65194,10496,15872,22784,22016,
65194,11520,16640,23040,22528,
65194,11264,15360,23552,23808,
65194,9984,18688,22016,23552,
65194,11264,16640,22016,24320,
65194,11520,16896,22272,23040,
65194,12800,17664,22784,21248,
65194,14080,17408,21248,23552,
65194,10752,19456,22272,23040,
65194,11264,18688,20736,26624,
65194,11008,15104,21504,23296,
65194,10240,16640,20992,22272,
65194,14336,17664,24064,23296,
65194,13312,19200,23552,23552,
65194,12288,18944,18944,24320,
65194,13056,17920,22784,23296,
65194,11520,18432,21760,24320,
65194,13824,19200,22784,20992,
65194,11776,18432,22272,23040,
65194,15104,16640,23040,25088,
65194,10496,15872,24064,24064,
65194,14080,19968,19456,24320,
65194,13824,16896,22528,22528,
65194,12544,18944,22784,24576,
65194,12800,17152,23040,23808,
65194,13824,16640,21248,24064,
65194,13824,18176,21504,24576,
65194,13312,19456,23040,24064,
65194,13568,20480,25088,27648,
65194,13056,17920,21248,22528,
65194,14336,15360,21760,24320,
65194,15360,19968,22272,22272,
65194,14592,17920,23296,24576,
65194,13056,19456,19968,23296,
65194,14080,17920,23296,22528,
65194,12800,20224,23552,21760,
65194,11264,19456,23040,22784,
65194,13568,18176,22528,24064,
65194,11776,18688,21248,26880,
65194,16128,19200,22528,23552,
65194,12800,18432,24064,22016,
65194,13824,18688,24320,23552,
65194,14336,15616,20736,23552,
65194,12544,19712,21504,23808,
65194,12544,18432,22784,22784,
65194,13824,19200,20736,22016,
65194,14080,18688,19712,24320,
65194,15616,18432,22016,24576,
65194,16128,19456,23040,24064,
65194,13824,18944,22528,24064,
65194,14080,18432,24832,22784,
65194,15360,19200,24064,22016,
65194,15104,21248,20480,25600,
65194,16128,19456,22272,23552,
65194,13824,16384,20992,22016,
65194,14592,16640,24064,24064,
65194,13824,18944,24064,22016,
65194,13312,18944,20480,23040,
65194,14592,19968,24064,23552,
65194,11264,19200,24832,21760,
65194,14336,18688,22016,20736,
65194,16640,20736,20992,21504,
65194,14080,22016,23296,24832,
65194,14592,17920,21248,23552,
65194,16384,18432,21248,23808,
65194,16128,18176,23040,23552,
65194,13056,22528,22272,23552,
65194,13312,17152,20992,25088,
65194,14592,20224,22528,23808,
65194,14080,20224,22528,26368,
65194,15360,19712,22272,22528,
65194,13312,17664,21504,23040,
65194,14080,19712,22016,23040,
65194,15104,16896,21248,23808,
65194,15104,20480,23040,20992,
65194,15872,18944,22272,23808,
65194,14592,21760,23808,23808,
65194,13312,18944,23296,22272,
65194,13056,18176,19456,23296,
65194,15104,21504,22528,24320,
65194,16128,16640,22784,22016,
65194,15360,18688,22272,22784,
65194,14848,23296,21248,26112,
65194,17920,18944,21248,22784,
65194,13312,17408,23296,25344,
65194,15616,23040,20992,22784,
65194,15360,20224,23040,22272,
65194,14336,17920,22016,23552,
65194,15104,20992,20480,22784,
65194,18432,21504,23808,26112,
65194,17152,17408,21760,23296,
65194,19968,20480,24064,23040,
65194,15360,16896,22528,23040,
65194,14592,21760,23296,20736,
65194,14080,19200,22528,24576,
65194,15104,18688,22528,20480,
65194,15104,19456,23040,22528,
65194,16384,19968,21248,24832,
65194,14592,20480,23808,25088,
65194,18432,18944,22784,22016,
65194,17152,20736,23552,25856,
65194,14336,21504,22528,25600,
65194,17152,19968,23296,23808,
65194,13824,20480,22784,23296,
65194,13824,20992,21504,25088,
65194,16128,21504,23296,24576,
65194,16384,18432,22528,23808,
65194,14848,22784,22272,26624,
65194,17920,20736,21504,22784,
65194,16896,20736,21248,23808,
65194,16896,18688,23040,24832,
65194,16384,19712,22528,23552,
65194,16128,19968,21504,23040,
65194,16640,19712,24576,23808,
65194,14848,22272,21760,23296,
65194,16128,20992,22528,22528,
65194,17152,20736,21760,24064,
65194,18432,19456,22016,22784,
65194,18944,19712,21760,23808,
65194,15872,19968,22016,26624,
65194,18688,21248,24064,23040,
65194,18688,21760,23552,24832,
65194,17920,21760,25088,24832,
65194,15360,18944,21248,24320,
65194,17408,18432,22784,23552,
65194,16640,21504,22528,22528,
65194,16896,20992,21248,23296,
65194,18176,21248,19456,21504,
65194,16640,20992,22528,22784,
65194,18176,20736,20736,20480,
65194,20224,19968,22272,23040,
65194,18688,20992,22528,23552,
65194,18176,22272,22272,23552,
65194,19200,24320,23040,21504,
65194,15872,22272,22784,23296,
65194,19712,21760,20992,23552,
65194,19200,23552,22016,24320,
65194,18944,22272,20480,23040,
65194,15616,20736,21248,23296,
65194,19968,20224,23808,23296,
65194,19200,19456,22272,24832,
65194,18176,23552,21504,24064,
65194,19712,20992,22016,24320,
65194,19200,19456,20736,22528,
65194,18944,21248,20736,23808,
65194,20224,21248,23040,23808,
65194,18176,22272,19200,24576,
65194,19712,24064,22528,24064,
65194,19456,21504,21248,22272,
65194,20736,23040,20992,24064,
65194,20480,24320,23040,22528,
65194,19200,21504,21760,24064,
65194,19200,24832,19968,23808,
65194,19200,22784,21248,24320,
65194,17920,20992,20224,22784,
65194,19968,20992,22784,22016,
65194,20224,22272,20480,24576,
65194,19712,21248,23808,23040,
65194,19200,21504,20992,20736,
65194,18944,19456,21760,20992,
65194,18944,22272,21504,24064,
65194,17664,23808,23296,22016,
65194,19200,22016,22016,21504,
65194,18944,22016,20480,24576,
65194,18688,23296,24320,22272,
65194,16896,22784,21760,23808,
65194,17664,22784,20992,24320,
65194,19200,21760,18944,23040,
65194,16384,21504,21760,24576,
65194,16640,22016,21760,22016,
65194,19200,23296,25344,22528,
65194,20480,23552,21504,23040,
65194,18688,23296,23552,21248,
65194,18944,20736,19200,23040,
65194,20480,22784,21504,23296,
65194,19456,23296,22272,22016,
65194,18944,22016,20992,24832,
65194,19712,21760,20992,25344,
65194,19200,22784,24576,25088,
65194,22272,22528,21760,22272,
65194,18432,22528,22016,22528,
65194,18432,24576,21760,25088,
65194,18688,23296,24320,24832,
65194,17408,20480,24320,21504,
65194,18432,24064,21760,20992,
65194,18688,22784,20480,23296,
65194,17408,21760,20224,23552,
65194,16128,22016,24832,22528,
65194,18176,23808,24576,24064,
65194,18176,22528,23296,23808,
65194,19968,23808,22784,21504,
65194,17920,19968,21248,25088,
65194,17664,24064,20992,24832,
65194,17408,22784,20992,24064,
65194,18176,22272,22016,24576,
65194,16896,20992,21248,24832,
65194,19200,23040,20736,22016,
65194,18176,21248,22016,24320,
65194,18176,19712,23040,23808,
65194,19968,23552,22784,23040,
65194,15616,21248,23296,24320,
65194,17408,23552,19456,25344,
65194,18432,23296,20736,20736,
65194,18176,24320,22016,24064,
65194,19712,22784,23296,20224,
65194,19200,20992,23296,25344,
65194,17152,24064,25600,22784,
65194,17152,22016,23808,20480,
65194,19968,20224,26368,22272,
65194,20480,22016,23552,23552,
65194,16640,23552,20992,21504,
65194,16128,21760,21504,23040,
65194,18688,20736,19456,22528,
65194,17664,22784,22784,23808,
65194,18432,24320,25088,20992,
65194,16896,20992,22272,22528,
65194,20224,23040,21248,22784,
65194,16640,21760,21504,23808,
65194,18688,22784,22272,24064,
65194,17408,24064,20224,23552,
65194,17408,22784,22016,21760,
65194,18432,21760,23040,24320,
65194,19200,21248,22016,21760,
65194,17920,22272,20992,25600,
65194,16896,20992,21504,23040,
65194,16640,22528,24832,24832,
65194,19456,20736,23808,20480,
65194,16384,23552,19456,24576,
65194,18176,21760,21248,21504,
65194,16896,22272,22528,22784,
65194,16896,23296,23552,24832,
65194,17920,25856,22784,24832,
65194,20224,22272,20736,22528,
65194,17664,24064,23296,24320,
65194,17152,23040,22784,22016,
65194,16384,22528,24320,21248,
65194,18688,21760,23552,23552,
65194,17920,25088,18688,25856,
65194,19712,22016,23552,23552,
65194,17920,22016,20224,24064,
65194,17408,20480,23296,24064,
65194,16896,23040,22528,23296,
65194,17152,23040,23296,22528,
65194,17152,23808,22528,23296,
65194,18432,23808,24320,21760,
65194,18176,24064,19712,24064,
65194,15616,19200,19968,23296,
65194,18944,22528,21760,22528,
65194,17408,22528,22528,23808,
65194,16896,23296,20736,22272,
65194,19200,22528,21760,20992,
65194,18688,22784,22016,22016,
65194,16640,23296,21760,21504,
65194,18432,24064,21504,24576,
65194,17152,23040,24064,24576,
65194,16640,22784,22528,23808,
65194,20224,20224,20480,23040,
65194,16896,22784,23552,24064,
65194,17664,23040,21760,21504,
65194,18176,24320,20992,21760,
65194,17664,24064,21760,22784,
65194,19456,23296,22016,26112,
65194,21504,23552,21760,20736,
65194,20224,23040,23808,22528,
65194,19968,23296,24064,22272,
65194,20736,22016,21760,24576,
65194,18688,22784,22784,24320,
65194,22016,23552,20992,23552,
65194,17152,22016,23040,22016,
65194,22016,24832,20736,24832,
65194,17152,23040,23552,21504,
65194,19456,24064,22272,22528,
65194,20736,24320,21248,24576,
65194,20736,24320,19968,23808,
65194,19456,23552,21760,25600,
65194,20480,22528,22528,21504,
65194,18944,22016,23040,20992,
65194,19456,24576,20992,25344,
65194,19200,23808,22016,25088,
65194,22272,25088,20992,22784,
65194,20736,25856,23296,23040,
65194,18432,23040,20224,20992,
65194,21248,23552,20480,20736,
65194,19200,24320,23296,23552,
65194,19200,23552,21504,22784,
65194,19712,23296,23296,23040,
65194,22016,24064,21504,22528,
65194,19968,23040,22272,22528,
65194,21760,26112,21760,24576,
65194,19712,23552,22528,23552,
65194,21760,23552,21248,23296,
65194,20736,26112,23808,23040,
65194,20224,24064,24576,21760,
65194,21248,26368,20480,21248,
65194,20736,25600,23040,24064,
65194,20736,24064,23296,23552,
65194,19456,25344,23552,24832,
65194,23040,25600,22016,23296,
65194,21504,24832,22016,23552,
65194,22016,23040,20992,23296,
65194,20224,24320,22272,22528,
65194,21248,25856,20992,24576,
65194,21504,26368,21760,21248,
65194,21760,24576,23296,24064,
65194,23040,23808,23040,24320,
65194,23552,23808,20992,22528,
65194,22528,24320,22784,24832,
65194,23040,24832,21248,21760,
65194,24576,27392,19968,23040,
65194,22784,24320,20736,24576,
65194,21504,25088,22016,23296,
65194,23040,26112,24064,21248,
65194,22784,25344,21504,22272,
65194,21504,25600,21248,23040,
65194,22272,25600,25600,24832,
65194,21248,25600,21760,24576,
65194,23040,24064,22784,21760,
65194,24064,26368,25088,22784,
65194,22784,25088,20480,22272,
65194,20224,27136,22528,24832,
65194,17664,24832,22784,22016,
65194,22272,25344,24832,24576,
65194,23552,25856,21248,23552,
65194,24576,25600,19200,24832,
65194,22784,24320,20480,21760,
65194,20480,24576,20992,25088,
65194,24064,24576,22016,23296,
65194,23296,24832,22272,23808,
65194,25088,25856,23296,22272,
65194,23552,23040,20480,20992,
65194,21760,27392,22272,21504,
65194,24064,26368,24064,22016,
65194,23040,25856,20992,19968,
65194,23040,27136,21248,21504,
65194,22016,27392,20992,23296,
65194,23552,25344,22784,23040,
65194,23552,25344,20992,22272,
65194,20736,24064,22784,24832,
65194,25344,26368,22272,23552,
65194,22272,26880,20992,24064,
65194,23552,24576,21760,24576,
65194,23552,24320,24320,24064,
65194,23552,24064,20992,21248,
65194,23552,26112,22528,23040,
65194,24064,24832,24832,23808,
65194,22528,26112,21248,22528,
65194,23296,24832,23808,21760,
65194,24064,25344,20224,22272,
65194,24064,26368,23552,21504,
65194,23296,25856,23808,23040,
65194,25856,28416,22016,24576,
65194,25344,25600,22784,23808,
65194,23552,24320,18944,23296,
65194,23808,27648,21760,23296,
65194,24576,27648,23552,22784,
65194,24832,26112,22016,20224,
65194,25088,27648,24832,23808,
65194,24064,25600,21760,22528,
65194,25344,27136,21504,22528,
65194,23296,26624,23552,24576,
65194,23040,26624,22016,24064,
65194,26880,27648,22016,23296,
65194,23552,23808,20992,23552,
65194,25856,27392,22528,25088,
65194,25856,27392,21248,22528,
65194,25600,24832,22528,23808,
65194,25856,27648,23808,25088,
65194,23808,26624,24576,24064,
65194,27136,26624,21760,24576,
65194,22784,24320,23040,21760,
65194,23040,24832,22528,22784,
65194,22784,27392,21760,23296,
65194,27392,26624,23808,20224,
65194,25088,25856,23296,22272,
65194,23296,26112,22784,22784,
65194,26112,27392,23040,22528,
65194,25344,26880,21248,23296,
65194,27392,25088,21760,24064,
65194,25344,25600,22528,22528,
65194,25088,25600,23040,24576,
65194,27136,25600,22016,22528,
65194,26624,26112,20992,23040,
65194,27392,26880,22272,25600,
65194,25600,26880,22528,19968,
65194,25856,29952,22528,26368,
65194,28160,27648,22528,25088,
65194,24832,27904,19968,23552,
65194,25856,25856,21248,21760,
65194,23808,27392,22528,22784,
65194,26880,29440,23552,23808,
65194,25600,28160,21504,24320,
65194,25856,30208,20992,22528,
65194,25344,26624,24576,22784,
65194,26624,26624,23296,23296,
65194,25344,28672,23040,24064,
65194,26880,26368,19968,22272,
65194,25856,25344,20736,21248,
65194,24576,26880,22528,23296,
65194,27648,26880,21504,23552,
65194,26880,28416,25088,24320,
65194,25856,27136,22784,23808,
65194,26368,28160,20480,20736,
65194,28160,28160,20992,23296,
65194,26880,29440,21248,23552,
65194,27648,26624,23040,21760,
65194,28416,27392,21504,20736,
65194,29440,25344,20992,23808,
65194,25856,25600,23040,21504,
65194,27648,26368,22528,24064,
65194,27904,29440,23808,24576,
65194,25856,27904,19712,23552,
65194,26368,28672,23552,22016,
65194,26624,26624,23296,25600,
65194,27136,25600,20992,22016,
65194,26880,29696,24576,24832,
65194,27136,29184,19456,23040,
65194,27648,28160,22528,23296,
65194,26880,30464,23296,23552,
65194,28160,28928,22528,22272,
65194,28416,29952,22784,22016,
65194,26624,28672,22272,22528,
65194,28672,26112,21504,24320,
65194,27904,27648,22528,23296,
65194,29696,27136,22016,24320,
65194,27392,26112,23808,24576,
65194,27136,27136,22016,23040,
65194,27392,26112,23296,24064,
65194,29440,28672,21248,25088,
65194,28672,29440,25088,23040,
65194,26624,27136,22784,23296,
65194,29184,27904,21504,20736,
65194,28672,28928,24064,23040,
65194,29440,30464,21504,24576,
65194,30208,25856,23552,25344,
65194,26880,26880,21760,24832,
65194,27392,28672,22784,22016,
65194,30464,29440,20736,23040,
65194,28672,27648,22784,23808,
65194,27648,29440,25088,22016,
65194,29952,27136,21248,23296,
65194,26112,26624,21760,23552,
65194,26112,27136,24576,25344,
65194,29184,29952,22272,24064,
65194,27904,27904,21504,21760,
65194,26624,28416,21760,21504,
65194,28928,28672,22016,24064,
65194,26624,26624,22528,24064,
65194,28160,25856,23552,24064,
65194,26112,26624,22784,23808,
65194,25856,25856,22784,22528,
65194,30720,28672,23808,20992,
65194,26112,25600,21760,20736,
65194,25088,28672,22528,22784,
65194,26624,26368,23040,24832,
65194,24320,26880,21248,21760,
65194,24576,27136,22528,23040,
65194,25088,27648,21760,22784,
65194,29696,25600,24576,22272,
65194,25856,27136,24064,20736,
65194,26112,28416,20992,24576,
65194,28416,27392,23040,22272,
65194,26368,26880,21504,25856,
65194,27392,27904,20224,20480,
65194,26624,27136,23808,25600,
65194,27136,27136,23040,23040,
65194,26368,27648,23296,24064,
65194,26624,27904,21504,24064,
65194,26880,26112,22272,24320,
65194,29184,29696,21760,22784,
65194,28928,28672,24064,24320,
65194,27648,28416,20480,23040,
65194,26624,30464,20736,22016,
65194,27136,27648,23808,23552,
65194,26880,28672,21248,25088,
65194,27136,25600,22272,19968,
65194,26368,29184,23808,22784,
65194,26368,27392,20736,23296,
65194,27392,28160,22272,22272,
65194,25344,27904,21504,21248,
65194,27648,27904,22016,25344,
65194,27136,29184,21504,22528,
65194,27648,28416,21760,22528,
65194,28416,28416,22784,22528,
65194,27392,30464,21760,20992,
65194,29184,27392,22016,24064,
65194,25600,29184,22016,25088,
65194,27392,27136,19456,22272,
65194,24320,29184,23808,21504,
65194,25088,24320,21504,24320,
65194,26624,29696,22528,22784,
65194,25088,29440,22272,23552,
65194,24832,30464,19200,25344,
65194,25088,27904,23040,23808,
65194,24832,29696,22272,21504,
65194,26112,27904,20480,20992,
65194,25600,27648,21760,22272,
65194,26624,30976,22016,24832,
65194,25088,26624,22272,23552,
65194,25856,30464,22528,19968,
65194,25088,27904,21248,23808,
65194,27648,28416,22272,23296,
65194,24320,27648,23040,24320,
65194,24320,26368,20480,23296,
65194,26880,29952,23040,22016,
65194,25856,28160,20480,21504,
65194,24064,26112,20736,23040,
65194,25856,28160,20224,22784,
65194,27648,28672,23808,21504,
65194,25088,27904,23552,24576,
65194,23040,26112,22528,23040,
65194,24064,26880,20480,21504,
65194,25856,28672,23040,22528,
65194,25088,27904,22528,21248,
65194,25600,28672,20224,21760,
65194,24576,28416,22272,22016,
65194,24064,27136,21760,24320,
65194,23296,29184,24832,24320,
65194,24576,29184,21248,21760,
65194,25856,29440,22528,23296,
65194,25088,28928,23808,22272,
65194,23552,28416,24064,21248,
65194,23296,29952,22528,23552,
65194,24064,27904,22272,23296,
65194,25344,26624,20224,20224,
65194,21760,29440,23040,23040,
65194,24832,27392,24320,22272,
65194,26624,29696,21504,22528,
65194,26624,29440,23040,19968,
65194,23808,28928,21504,20736,
65194,24832,28928,22016,25344,
65194,27648,28672,20992,23040,
65194,25344,29696,20992,22016,
65194,26880,29184,23808,22272,
65194,26624,27648,22528,22016,
65194,24832,28672,21248,22784,
65194,26368,25856,22016,22528,
65194,26880,28672,20992,24064,
65194,25600,30208,20480,23808,
65194,27136,26880,24064,23296,
65194,25856,29952,22784,23040,
65194,26112,30464,20992,25856,
65194,27648,28160,22528,21504,
65194,27136,29696,22272,23552,
65194,26368,30720,20736,23552,
65194,28928,30208,21504,23296,
65194,28672,25856,23040,23552,
65194,27392,27648,20736,24320,
65194,26112,30464,20736,26368,
65194,26112,28416,22016,22272,
65194,27904,28928,20480,22784,
65194,27648,29952,21760,24832,
65194,26880,30208,20736,23808,
65194,29440,30208,22784,25088,
65194,26368,29184,21248,22016,
65194,29440,29696,22272,22528,
65194,29440,30208,22784,24576,
65194,29696,30720,22528,25344,
65194,28928,27648,21504,23808,
65194,29184,30720,21760,22016,
65194,30720,26368,24576,20992,
65194,28672,26880,23552,24064,
65194,28160,29440,24320,23040,
65194,29440,28160,22528,22272,
65194,30720,31232,22528,23808,
65194,29696,28928,21760,24064,
65194,32512,32000,20992,22528,
65194,30976,32768,23296,24064,
65194,28672,30976,20736,22016,
65194,29696,30464,21504,24320,
65194,29696,28416,21760,23296,
65194,32512,30208,21504,23040,
65194,29696,31488,22528,23296,
65194,32000,30208,21504,22528,
65194,29952,30720,22016,22784,
65194,29184,29440,20480,23040,
65194,30720,32256,22272,23296,
65194,27392,31744,22784,24320,
65194,28416,29440,22272,23040,
65194,30976,29184,22272,21760,
65194,30720,32000,23040,23040,
65194,31232,27392,20480,23040,
65194,33536,28928,22784,22016,
65194,30976,29184,21760,22528,
65194,29952,31232,22272,20224,
65194,29952,29440,20992,24320,
65194,30208,29184,21248,22528,
65194,32768,33024,19968,24576,
65194,30976,31232,22016,23040,
65194,29696,30720,23552,22784,
65194,30720,29440,22528,22784,
65194,31232,32256,21248,23296,
65194,30208,28928,25344,21248,
65194,31744,29440,21248,20480,
65194,32256,30976,21248,23552,
65194,30976,32256,23808,23040,
65194,29440,30464,23296,23296,
65194,30976,30720,23040,22016,
65194,30976,29440,20224,24064,
65194,28928,31232,22528,21504,
65194,31232,30720,22784,23296,
65194,32512,31232,22016,23040,
65194,30720,29440,22528,23040,
65194,29696,31232,22784,24320,
65194,30208,31488,23296,23552,
65194,32512,29952,21504,21760,
65194,31232,32256,21760,22784,
65194,30720,30208,24832,22784,
65194,30464,27136,20992,23296,
65194,32512,29952,23296,24576,
65194,32256,31744,21504,22272,
65194,29952,28928,22528,22272,
65194,30208,30976,20224,23808,
65194,33280,28928,20736,23296,
65194,30208,29440,21504,22784,
65194,28928,30720,20992,21248,
65194,32000,28672,23040,24064,
65194,29952,29184,21504,22272,
65194,31488,32256,24064,23040,
65194,31232,29952,21504,20992,
65194,34048,27648,23808,23808,
65194,32512,32512,22272,24064,
65194,31744,29696,20480,21760,
65194,35328,32512,22784,21504,
65194,31232,29952,20992,24320,
65194,31488,32000,21504,22784,
65194,33024,31232,24320,25088,
65194,32000,31488,24320,24832,
65194,32256,31488,21760,25088,
65194,31488,32768,21248,21248,
65194,31232,33536,21504,21248,
65194,33536,28160,22528,24320,
65194,35584,32000,23296,22016,
65194,32000,32768,23808,23040,
65194,33280,31232,23040,24832,
65194,32256,32000,21760,20992,
65194,32768,32000,20480,24832,
65194,31488,29440,21248,24320,
65194,30464,32768,21248,23296,
65194,32512,29952,22528,24320,
65194,32000,32768,20480,21760,
65194,33792,32768,23808,23040,
65194,33792,32256,22528,22528,
65194,34560,31744,24832,23808,
65194,35584,30976,23040,23040,
65194,35072,30464,21504,25088,
65194,34560,32768,22528,25088,
65194,34304,31232,20480,23552,
65194,33024,30720,21760,23808,
65194,34304,30720,22784,22272,
65194,33536,32512,24320,22784,
65194,35584,30976,22784,23808,
65194,34048,31488,19456,23552,
65194,36864,34048,20736,22016,
65194,34048,32768,21248,19456,
65194,36608,30720,24576,19456,
65194,33792,34048,22528,22016,
65194,36352,32512,21760,21504,
65194,33792,32256,21760,23040,
65194,34816,29440,23296,21504,
65194,36352,34304,20480,23808,
65194,33536,29696,21248,19712,
65194,36096,34048,21248,24576,
65194,37888,31232,24064,20480,
65194,34560,31488,23040,20224,
65194,35584,30976,21504,19456,
65194,36352,31744,23808,22528,
65194,35072,30720,23552,22528,
65194,34560,32000,22016,23296,
65194,37632,30208,21504,22784,
65194,35328,33280,21248,23808,
65194,35328,30720,23296,24064,
65194,36096,29696,20992,22016,
65194,34816,32256,21504,23296,
65194,36096,29952,23296,23552,
65194,38400,33536,21504,22528,
65194,37632,29952,20736,23040,
65194,37888,34816,21248,22016,
65194,36096,33792,22272,24832,
65194,37120,32000,24064,23040,
65194,36608,29440,20736,22016,
65194,36352,33024,22016,22016,
65194,34560,30720,18432,23040,
65194,33792,33536,22272,23040,
65194,35840,33280,22016,21504,
65194,37120,30720,21504,22016,
65194,35840,33024,21248,20224,
65194,37632,30464,23808,23552,
65194,36096,32000,20736,23808,
65194,33280,30464,21760,21248,
65194,35840,30720,19712,21760,
65194,35584,31488,18944,22528,
65194,35072,32512,20480,22272,
65194,37376,32512,19968,22528,
65194,34304,30464,20992,19712,
65194,37376,33536,23040,24576,
65194,33792,34560,22784,22016,
65194,33792,30720,20224,23040,
65194,34560,31232,21504,23808,
65194,34560,32256,23808,23552,
65194,35584,30720,18944,24832,
65194,34816,30976,21504,25600,
65194,38912,33536,20736,24064,
65194,37888,30976,23040,23296,
65194,35840,30976,22784,22272,
65194,38400,36352,23040,24320,
65194,35840,33024,23808,23552,
65194,34816,34048,20224,22784,
65194,35072,32768,19200,23296,
65194,35072,34048,21504,24064,
65194,36352,34048,24320,23296,
65194,35840,31232,22016,22016,
65194,34816,32256,21504,22528,
65194,35840,32000,19968,21760,
65194,37632,33792,23040,22784,
65194,36608,33024,19456,21504,
65194,35840,32512,20224,22528,
65194,36608,33280,23040,22016,
65194,40704,34048,20224,22784,
65194,39168,34816,22272,24064,
65194,35584,33792,22272,21760,
65194,34560,34304,23040,20992,
65194,36352,33536,21504,22016,
65194,36352,33024,22272,24576,
65194,37376,35328,22272,24576,
65194,35840,32256,21504,22272,
65194,37120,31744,20992,23040,
65194,35328,32512,21248,22016,
65194,37888,33792,22528,22784,
65194,36096,32512,19968,22784,
65194,34304,32768,22272,20992,
65194,37120,33536,22784,22528,
65194,38656,33280,21504,23040,
65194,37376,30208,22528,25344,
65194,34816,33536,20224,20736,
65194,36608,32768,21760,23808,
65194,33792,34560,20992,21504,
65194,38144,33536,22528,26112,
65194,38400,32768,22272,24576,
65194,32768,33792,24064,22016,
65194,36096,33536,20224,23552,
65194,35072,34304,21504,22016,
65194,35584,33792,20736,23808,
65194,36352,31744,20224,21760,
65194,37632,32000,21504,23296,
65194,35840,32768,21504,23552,
65194,37888,32256,23040,24320,
65194,34816,30720,21248,23296,
65194,36352,30976,22272,22528,
65194,37632,31232,19200,20736,
65194,36864,33280,20992,23040,
65194,37376,36352,19712,22528,
65194,35072,34560,22272,20736,
65194,35328,31744,19968,23808,
65194,36608,33792,20992,24576,
65194,36096,32512,20992,21760,
65194,36608,35328,20736,21760,
65194,34816,34816,24320,21504,
65194,34560,32768,21504,22784,
65194,37120,33536,20480,22528,
65194,35328,34560,22016,23808,
65194,38144,35584,21760,20992,
65194,34048,33024,22528,23040,
65194,35584,35072,21760,23808,
65194,35584,35328,21760,21248,
65194,32768,32768,21248,21248,
65194,36864,31232,22016,21504,
65194,34816,32256,22784,19968,
65194,36864,32768,22016,21760,
65194,37632,30464,20736,22016,
65194,34560,34304,20480,21760,
65194,37888,32256,23040,21760,
65194,32512,32256,18944,21504,
65194,35584,33024,21760,19968,
65194,33280,33024,24064,24064,
65194,36096,35072,22016,22016,
65194,35840,32256,22784,23808,
65194,35584,32000,21504,24064,
65194,37888,34048,22016,22784,
65194,38144,34816,21248,22016,
65194,39168,31744,21504,23296,
65194,36608,32768,23040,24320,
65194,34816,34816,20224,23040,
65194,36096,33536,21760,23296,
65194,35328,33792,23296,22016,
65194,35584,32000,23552,23808,
65194,37888,33280,20224,24320,
65194,35584,34304,22272,22272,
65194,36096,34304,21504,22528,
65194,37632,35328,19456,22528,
65194,38400,33280,19712,25344,
65194,39680,33536,21760,22784,
65194,39936,34304,23808,23296,
65194,39168,36608,21760,21248,
65194,36864,33792,21504,24320,
65194,38912,34816,20480,22784,
65194,37888,36608,21504,24832,
65194,41728,34304,22016,24320,
65194,38144,33792,20736,23040,
65194,39424,34048,21504,21504,
65194,42752,32256,21248,20736,
65194,36864,34304,21504,21760,
65194,37376,34048,22528,21760,
65194,42496,36352,20480,22528,
65194,40960,35328,20736,23552,
65194,38912,31744,22528,22784,
65194,40704,34560,23552,23552,
65194,39936,32768,20224,24576,
65194,38144,33280,20992,22272,
65194,41216,34560,23808,21248,
65194,41984,32768,21504,21504,
65194,39424,34048,21248,22528,
65194,41216,35072,20480,23040,
65194,39168,36608,22016,22016,
65194,40192,33792,22784,22272,
65194,40448,36096,23040,22528,
65194,41984,34304,19712,22528,
65194,38656,34304,20992,23296,
65194,40704,36608,24576,22272,
65194,43008,33792,22784,23296,
65194,43520,35072,23040,21248,
65194,41472,34048,21504,25600,
65194,40704,34048,19968,22784,
65194,41472,33024,22784,25088,
65194,41216,35328,21760,23552,
65194,40192,36608,19968,22272,
65194,41472,34304,19712,21504,
65194,42496,35328,20224,23296,
65194,40192,34304,20224,22016,
65194,42752,36864,22272,21504,
65194,39936,33792,22784,22784,
65194,39936,34816,19200,22272,
65194,41728,36096,19456,23808,
65194,42752,32768,18944,22272,
65194,41728,35840,22528,24064,
65194,39168,35072,22016,23808,
65194,43776,33024,20224,20736,
65194,42240,34816,22016,18688,
65194,44032,35584,21248,21760,
65194,44800,35584,21760,22016,
65194,41728,34560,24320,23040,
65194,41728,35072,21504,21760,
65194,40704,34816,20736,22272,
65194,43264,34304,21248,24320,
65194,42240,33792,21760,21760,
65194,39680,34816,22272,24320,
65194,44032,33792,22272,23040,
65194,44288,35328,22528,21248,
65194,42240,35328,23040,25088,
65194,42752,33536,21248,23296,
65194,43520,33536,21760,22272,
65194,43008,35072,21248,23296,
65194,41472,34560,20480,21760,
65194,44032,36608,21248,22784,
65194,42240,36608,23552,20992,
65194,42752,33792,20480,24064,
65194,43008,33024,20992,22016,
65194,44288,36608,21504,22784,
65194,42240,38400,21504,22784,
65194,42752,34816,22016,22272,
65194,43520,34560,22016,22784,
65194,46080,34560,21248,23296,
65194,44032,37120,21504,24576,
65194,45312,36352,21504,23296,
65194,45312,34048,22272,22528,
65194,45824,35584,20480,22528,
65194,46080,37632,20736,21504,
65194,44288,35072,22784,23808,
65194,46080,35840,22272,23296,
65194,44544,35072,23296,22272,
65194,45824,36864,18688,20992,
65194,42752,34816,21504,24320,
65194,45056,35072,19968,18688,
65194,44032,34816,21760,21248,
65194,43008,35328,20224,21248,
65194,43776,36608,21760,22528,
65194,43520,36608,23040,22016,
65194,43776,34816,20480,21760,
65194,44032,37120,24064,21248,
65194,44544,37120,18688,23040,
65194,47616,35328,21760,24576,
65194,42752,34816,22528,21760,
65194,48128,34304,21760,22272,
65194,46080,37888,20224,18176,
65194,46592,37888,21248,23296,
65194,44544,35072,21760,23296,
65194,46592,36864,19968,19456,
65194,42752,34816,24320,23552,
65194,45056,35840,22528,22016,
65194,44032,36352,18944,20992,
65194,44288,35840,20736,22528,
65194,43264,34560,20224,20992,
65194,46336,35584,21504,21248,
65194,44032,34816,21248,22528,
65194,45312,36352,20992,21760,
65194,46592,35072,20736,21504,
65194,45312,34560,20736,23296,
65194,44288,35072,20480,23808,
65194,45824,36608,21248,22016,
65194,44800,34560,22528,23040,
65194,43264,36608,22272,22528,
65194,44032,37120,20480,22272,
65194,45568,37120,22016,22016,
65194,46848,33024,22528,23552,
65194,46336,36096,21504,22784,
65194,46080,36608,22272,20992,
65194,47104,37120,20480,24576,
65194,46080,35840,24064,21760,
65194,47360,36352,24576,22784,
65194,44288,37888,20736,23296,
65194,46592,33024,20992,23296,
65194,45056,35328,23040,23808,
65194,43776,35072,23808,23808,
65194,43776,38912,21760,24064,
65194,46336,37632,20480,22272,
65194,48384,33792,20992,23552,
65194,42496,38912,22784,20736,
65194,46336,38912,20992,21248,
65194,46848,36864,22016,18944,
65194,46848,36864,23808,22272,
65194,46336,35072,20992,22016,
65194,45312,35840,21760,22016,
65194,46336,35840,20736,21248,
65194,48384,35328,23040,25088,
65194,46080,38656,21248,22528,
65194,46080,37632,23808,20736,
65194,45568,35840,21760,23296,
65194,47104,34816,23296,23808,
65194,44800,36096,23296,22528,
65194,45824,37376,20992,21760,
65194,46592,37120,23040,25088,
65194,45312,35328,20736,22528,
65194,44800,37120,21504,22528,
65194,48384,36352,19200,22272,
65194,49152,38144,21760,22528,
65194,45568,38400,21504,20480,
65194,48896,37376,22016,20224,
65194,47104,37632,19712,22528,
65194,47360,36864,23296,21504,
65194,50176,39680,23040,20480,
65194,49152,36608,20736,21504,
65194,46592,39424,21504,23296,
65194,48384,37888,21504,22272,
65194,46848,38144,22272,25088,
65194,47872,39936,19968,25088,
65194,49152,36352,19456,23296,
65194,47104,40192,22272,22528,
65194,45056,36352,22784,23040,
65194,45824,36352,19968,21504,
65194,44800,38656,22016,21760,
65194,47104,37888,19968,20992,
65194,45568,38144,22528,24320,
65194,49152,37376,22016,21760,
65194,47104,37376,18944,23040,
65194,46848,37632,22528,22528,
65194,47360,36864,22784,23552,
65194,48128,37632,23040,22016,
65194,48896,36096,23040,22528,
65194,49152,36864,19712,24576,
65194,48896,38912,21504,21248,
65194,46080,36096,19456,23808,
65194,49408,36096,17920,24576,
65194,45568,36096,22528,24576,
65194,46080,36096,21248,24832,
65194,48128,36352,21248,23040,
65194,45824,38912,22272,21760,
65194,47616,37632,22784,23552,
65194,46336,38912,23040,23552,
65194,47360,39936,25344,24320,
65194,45824,36864,18688,23296,
65194,47360,36096,22528,22784,
65194,47616,35584,19456,19968,
65194,48896,39936,21504,22272,
65194,47616,36864,20480,23808,
65194,46336,37632,20992,21504,
65194,49152,36352,20992,22784,
65194,46336,38656,22784,24832,
65194,48128,39680,19968,23040,
65194,47360,37888,20992,23040,
65194,48128,37376,22016,24576,
65194,46848,37632,21504,23552,
65194,49664,36864,21504,22016,
65194,48128,38656,22272,22016,
65194,44800,38400,18944,22528,
65194,49920,37120,22528,21760,
65194,49920,40448,23040,23040,
65194,46336,40192,22528,23040,
65194,48384,40192,21760,24064,
65194,48384,37632,20480,22784,
65194,48640,35072,19712,21760,
65194,47360,37888,19456,23552,
65194,48128,39424,22272,22528,
65194,48896,39424,20736,22784,
65194,48640,39680,24576,21504,
65194,44544,38656,22272,23040,
65194,48128,38656,20224,24576,
65194,46592,38144,21760,24064,
65194,48128,39936,22016,20736,
65194,47616,37632,21760,22528,
65194,48640,36352,21760,23552,
65194,47360,38912,23552,24064,
65194,46848,36864,21760,22528,
65194,45824,37120,21504,22272,
65194,48896,38656,23296,21504,
65194,46592,37376,22784,22272,
65194,45568,38656,21248,23296,
65194,48640,38144,22272,22784,
65194,50688,39424,22528,22016,
65194,51456,36864,20992,22528,
65194,49920,41472,22016,22272,
65194,50688,38912,24320,23040,
65194,49920,38656,20224,22528,
65194,46336,37632,19200,22272,
65194,49664,39936,21760,23296,
65194,47360,37632,21504,22528,
65194,48896,38656,22272,21760,
65194,47872,38144,22528,23040,
65194,44800,40448,21760,21760,
65194,48896,38144,22272,23552,
65194,47104,39168,19200,22528,
65194,47360,39680,19968,19712,
65194,48896,39936,21248,22784,
65194,45312,36864,22272,22784,
65194,48640,40448,22528,21248,
65194,47872,36608,21760,22784,
65194,48384,39680,23296,20992,
65194,48896,35840,22272,23040,
65194,47360,37888,20480,22784,
65194,46848,39936,19200,23040,
65194,49920,36608,20736,23040,
65194,49664,38656,21760,23552,
65194,46592,37888,19456,23040,
65194,46848,38400,19200,23040,
65194,48384,36608,20992,21760,
65194,45312,38912,22528,21760,
65194,47616,37888,21760,21504,
65194,47872,37376,22016,20736,
65194,50176,38656,21760,20992,
65194,49408,39680,20480,24064,
65194,45824,39424,22272,21504,
65194,45312,41472,19712,24576,
65194,50944,37632,19968,21504,
65194,48384,37888,22016,22784,
65194,47872,39680,18176,22272,
65194,50688,35584,22016,20736,
65194,46336,39424,20224,23040,
65194,49664,43008,20736,25600,
65194,46336,38912,21248,23040,
65194,49664,38400,22272,24064,
65194,47360,40192,19968,24320,
65194,47360,38656,21760,24320,
65194,47104,39936,20224,22528,
65194,47360,38656,22528,23296,
65194,47616,38400,22784,23040,
65194,48896,39168,22016,23296,
65194,50944,40192,23808,19712,
65194,49408,38912,24832,21248,
65194,46592,39424,23552,19712,
65194,52224,39936,21760,24832,
65194,49408,40704,23040,22272,
65194,50432,40192,22528,23552,
65194,52224,39936,21760,24832,
65194,49920,39936,22528,20736,
65194,49920,37632,20480,20480,
65194,50944,37888,20224,20736,
65194,50432,38912,22016,23040,
65194,47872,39680,20736,23552,
65194,51456,40960,18944,22784,
65194,51968,39680,22016,23296,
65194,50432,38400,21248,20992,
65194,51968,39936,19200,22272,
65194,51712,37888,20992,23552,
65194,49920,40192,20480,21504,
65194,51200,41728,20736,19200,
65194,51968,38400,22016,22784,
65194,50432,39168,21504,21504,
65194,52992,38144,22272,22784,
65194,48896,40448,23296,25600,
65194,53504,40960,21248,20992,
65194,53248,41216,21760,21504,
65194,51968,39936,20480,24576,
65194,52480,40704,19200,22784,
65194,52992,41216,21504,22528,
65194,53248,41472,21248,23552,
65194,53760,40704,22784,21248,
65194,54016,38656,23808,22784,
65194,53248,38912,20224,20224,
65194,54272,40448,23552,22016,
65194,52992,38912,22528,23040,
65194,51968,40448,24576,23552,
65194,51456,38400,20992,23040,
65194,52224,40704,22272,22784,
65194,52480,42496,21504,22016,
65194,51712,39424,22528,23040,
65194,54272,40704,19456,22016,
65194,52736,39680,19200,20992,
65194,56576,40704,20992,22784,
65194,52224,40448,20224,22528,
65194,51200,38144,23808,22784,
65194,53760,41728,18944,21760,
65194,53760,40704,20224,23040,
65194,53760,40960,22784,20992,
65194,54272,42240,22784,20224,
65194,53504,39168,20992,23296,
65194,50688,40448,22784,23808,
65194,52992,42240,19456,21760,
65194,51456,41984,20992,22016,
65194,53504,40960,22528,22528,
65194,54016,42496,22784,22272,
65194,52224,42752,22528,22784,
65194,53504,41216,19456,22016,
65194,56320,41472,22016,21760,
65194,53248,42240,22016,20992,
65194,54016,37376,20992,23552,
65194,54016,40448,21760,24576,
65194,52992,42752,22272,21504,
65194,51712,40448,21760,23552,
65194,56064,40704,21760,23552,
65194,54016,42240,22272,22784,
65194,54016,40704,20736,24832,
65194,52992,41472,21504,22272,
65194,53760,42752,21504,23808,
65194,51968,41216,20992,22016,
65194,55296,41728,18432,20992,
65194,51712,40448,20224,21248,
65194,56320,40704,22784,23040,
65194,54784,42496,19712,21504,
65194,54528,40448,22016,23040,
65194,52224,37632,20992,23808,
65194,56064,40448,22016,22784,
65194,56576,40960,19456,22528,
65194,53504,40448,20480,19968,
65194,53504,44032,19456,22528,
65194,57088,42240,22784,21760,
65194,56832,41728,22784,21504,
65194,54272,44288,22272,21248,
65194,55552,41728,22016,20992,
65194,56832,40704,22016,22272,
65194,56064,42752,21248,20992,
65194,55296,41728,21504,19456,
65194,55040,41984,22272,22784,
65194,55808,41216,21760,21760,
65194,56064,39936,21504,21760,
65194,56320,43520,20480,22272,
65194,56832,40960,20224,19712,
65194,54016,43008,22784,22272,
65194,54016,44800,21760,22016,
65194,56832,43776,22784,24320,
65194,57088,41728,22016,22272,
65194,56576,40704,20480,21760,
65194,59136,42496,21504,24320,
65194,58880,43776,22016,21760,
65194,57344,40704,20480,24320,
65194,57344,41728,22272,22528,
65194,58880,40448,20736,23552,
65194,56832,41984,20736,24576,
65194,56320,42240,22528,20480,
65194,56320,45056,21248,22272,
65194,56576,41984,22528,25088,
65194,55552,43008,22272,24064,
65194,60160,43520,21760,19712,
65194,56320,41728,19968,23296,
65194,55040,42496,21248,22528,
65194,54784,42496,22016,21760,
65194,57856,42240,23296,24320,
65194,55296,43264,19712,23808,
65194,57856,43264,20224,21504,
65194,56320,42496,22784,23040,
65194,56576,44032,20480,22528,
65194,56064,42496,23040,22528,
65194,56832,42496,21760,19712,
65194,58880,41216,20480,23296,
65194,55296,43264,20224,22528,
65194,56064,42752,22272,21760,
65194,57856,43008,20736,24064,
65194,59648,45312,22272,26368,
65194,59136,45824,23040,21504,
65194,57600,40960,22784,20992,
65194,56576,40960,21760,21760,
65194,57344,45824,20480,23040,
65194,56576,45056,22016,21760,
65194,58368,44288,21504,24064,
65194,56832,43520,20736,25088,
65194,55808,41728,20224,22016,
65194,57344,44544,23040,22016,
65194,57856,40704,20992,19456,
65194,56832,43520,19712,19200,
65194,57856,44032,21760,21760,
65194,57600,45312,18944,24064,
65194,59136,43776,22016,25344,
65194,55808,42752,22528,23296,
65194,55040,41984,21760,23296,
65194,56576,43776,21760,22016,
65194,55552,44544,22016,23552,
65194,58368,42752,21760,20992,
65194,57344,41984,19200,20992,
65194,60672,42752,22016,23552,
65194,58368,43264,21248,23808,
65194,57344,44544,19968,23040,
65194,57344,44288,22272,21760,
65194,57344,43520,22784,20992,
65194,59136,44032,22016,20480,
65194,58368,43776,21504,23808,
65194,58880,45312,21248,22016,
65194,58624,42496,23808,22784,
65194,57856,43264,20992,23552,
65194,57600,43264,22016,21504,
65194,58368,43520,20736,22528,
65194,60672,46336,20224,23040,
65194,57600,43008,19200,21504,
65194,60160,41216,23040,22016,
65194,56832,43776,20736,20992,
65194,59392,43264,20736,26368,
65194,59648,44544,20480,23808,
65194,58624,44032,18944,23808,
65194,59648,42496,20992,21760,
65194,59136,45824,21504,23040,
65194,59136,43520,19968,20736,
65194,60928,43776,19712,26880,
65194,58368,41216,19456,24832,
65194,59648,43776,18688,20480,
65194,58624,45312,19712,22016,
65194,60672,45568,20992,23808,
65194,60416,43776,20480,21760,
65194,60160,46080,19712,21248,
65194,61184,44288,20992,22784,
65194,60672,45312,23040,22784,
65194,62208,44288,22016,23296,
65194,60160,43776,19712,22528,
65194,62720,43776,20480,23296,
65194,61184,45824,20480,22272,
65194,63488,43776,19968,20736,
65194,59648,42752,18944,20224,
65194,62720,46080,22016,21504,
65194,61952,45056,20224,20736,
65194,61952,43008,19200,22272,
65194,58880,45056,21504,20736,
65194,59904,45056,21760,22272,
65194,59648,41984,20224,21248,
65194,58368,44288,20992,24064,
65194,58624,43776,19200,24576,
65194,56320,44800,19456,22272,
65194,58112,41728,21248,22528,
65194,56064,47104,20480,22272,
65194,55808,43776,23808,19968,
65194,54016,44800,19968,21248,
65194,52736,43776,20736,21504,
65194,50432,43008,22528,21760,
65194,53248,41728,22016,21248,
65194,47360,43520,23040,21760,
65194,47104,46080,22016,22016,
65194,44800,44032,19712,19712,
65194,45824,44288,23040,22528,
65194,46592,45824,18688,21504,
65194,42752,42240,21248,19968,
65194,46592,43776,19968,17664,
65194,42496,44032,18176,21248,
65194,44288,44800,20480,25088,
65194,40704,40192,21760,20736,
65194,42752,42496,20480,21248,
65194,41984,39936,20224,22016,
65194,41216,42752,20480,19968,
65194,41984,43008,18944,21248,
65194,37888,43008,21504,22272,
65194,37376,40960,18432,21760,
65194,36608,43520,22272,21760,
65194,39936,41984,19456,22784,
65194,38656,39680,18688,23040,
65194,37632,39936,19712,18944,
65194,36352,40192,21504,20480,
65194,37632,40704,21504,19712,
65194,38400,38912,18688,21248,
65194,37120,40192,20736,19712,
65194,35840,41472,23040,24576,
65194,33792,39168,20480,20992,
65194,34816,40448,20480,20992,
65194,34304,39936,21760,22528,
65194,32512,38656,22272,21248,
65194,33024,38656,20224,21504,
65194,30464,40704,20224,20992,
65194,30208,40704,22784,20480,
65194,27392,39680,20224,21760,
65194,28160,38144,23552,20480,
65194,23040,41216,19200,19456,
65194,23296,36352,18944,20480,
65194,20736,40192,18432,20992,
65194,21248,36864,19712,20736,
65194,23296,37888,22272,23040,
65194,23808,36864,19712,20224,
65194,27136,41984,22016,23552,
65194,26880,37632,20480,19968,
65194,27904,38656,20224,20992,
65194,28160,41472,21760,20480,
65194,30208,40704,20480,19968,
65194,27904,37888,20224,24064,
65194,30720,36096,18432,21504,
65194,29696,39936,21248,22528,
65194,29696,40704,23296,20480,
65194,32000,38912,20224,22272,
65194,32512,39680,22272,21248,
65194,32512,39424,19968,20736,
65194,35072,38400,21504,19456,
65194,35584,40448,20480,21504,
65194,38912,37120,19712,21248,
65194,38400,42240,21760,21504,
65194,39936,40448,21760,21504,
65194,39424,40448,19968,23552,
65194,41472,41984,21504,21504,
65194,44544,43776,18944,18944,
65194,46848,43008,21248,22016,
65194,46336,41472,22272,22272,
65194,50688,39680,20480,21760,
65194,50688,42752,23040,23552,
65194,50432,41728,18688,20480,
65194,49408,43008,23552,21248,
65194,52480,41216,20224,23040,
65194,51712,41728,21504,22784,
65194,50176,44544,21248,19200,
65194,52736,44032,21504,21248,
65194,56832,43776,22016,20224,
65194,57856,41216,20736,22784,
65194,55040,40960,23808,23808,
65194,55808,43776,21248,20992,
65194,58624,43264,19968,20992,
65194,58880,45312,19200,23296,
65194,61696,43008,22016,22272,
65194,62976,43520,22784,21760,
65194,65024,46592,21504,21504,
65194,63232,45568,22272,22272,
65194,64512,45824,20224,24064,
65194,63488,46592,21504,20480,
65194,256,45824,20992,22272,
65194,1536,47104,19200,23552,
65194,1024,45312,22784,24576,
65194,64768,47104,19968,22016,
65194,65024,46592,20992,20992,
65194,64256,47872,21504,20992,
65194,63488,47872,22016,22016,
65194,0,47104,18944,23040,
65194,64768,47872,20736,22784,
65194,64512,44800,20736,22272,
65194,63744,46080,20992,19712,
65194,64256,46848,21248,23808,
65194,64256,46336,22784,20480,
65194,64256,44288,22784,21760,
65194,64256,46592,22784,22272,
65194,256,45312,18432,19968,
65194,2560,49152,20736,23808,
65194,63744,47616,22528,21760,
65194,65024,47360,22272,21248,
65194,64000,46848,22016,20224,
65194,1280,46592,23296,24832,
65194,4096,46848,22016,21248,
65194,1280,46848,19968,23552,
65194,3328,46592,19712,21248,
65194,3072,45312,19200,23808,
65194,7680,46592,20736,23552,
65194,4864,46848,20224,25344,
65194,6400,48640,18432,22528,
65194,7680,49408,22016,21504,
65194,6144,45568,19712,24320,
65194,8704,47104,23296,23808,
65194,5632,46336,22272,23808,
65194,7168,45056,21760,22272,
65194,3840,48384,21760,22784,
65194,4352,46592,21248,23552,
65194,2304,46848,25344,22528,
65194,5632,48640,21248,21760,
65194,3584,46592,21760,21760,
65194,3328,48128,19456,19200,
65194,1024,47616,22272,23296,
65194,2048,46592,20736,21760,
65194,3840,44800,23808,22272,
65194,4608,47104,20480,22784,
65194,4864,47360,19968,20992,
65194,4608,48640,22016,24064,
65194,6656,49152,20736,21760,
65194,2560,47360,22272,23040,
65194,7680,45568,22272,23808,
65194,5120,48384,20992,20224,
65194,5120,48896,20224,21760,
65194,6144,50432,22016,19968,
65194,7168,49152,21504,22272,
65194,7424,48128,22528,23808,
65194,7424,49920,21504,22272,
65194,8960,46080,22016,21760,
65194,4352,46080,22784,22016,
65194,5888,48128,20224,20480,
65194,8704,47104,19712,25344,
65194,9216,50176,20736,22272,
65194,7680,47616,22784,19712,
65194,8960,48384,20736,23552,
65194,7168,49664,19712,21504,
65194,10496,48640,20992,25088,
65194,9472,47872,20992,22016,
65194,9984,49152,21760,22784,
65194,11264,51200,22016,22528,
65194,11008,48384,20736,19712,
65194,11008,49152,22784,22528,
65194,12544,49152,22016,20992,
65194,12800,48640,24320,23040,
65194,11776,48640,21504,22784,
65194,12800,48128,20736,23808,
65194,12288,49408,19712,24320,
65194,13056,52224,20480,21248,
65194,14848,51456,20224,21504,
65194,13312,50944,21504,21504,
65194,10496,46848,19968,22016,
65194,12544,46592,21760,24576,
65194,11776,49664,23040,24832,
65194,12032,50688,20736,23808,
65194,12288,49152,20736,21760,
65194,13056,49408,22272,22016,
65194,13568,51456,20992,21760,
65194,13824,50176,23296,21248,
65194,14336,46080,21248,19456,
65194,14080,51456,23040,19712,
65194,14336,49152,21248,20992,
65194,15872,50432,21248,20992,
65194,16128,48896,20736,22784,
65194,15872,50176,22784,20992,
65194,15360,50944,20224,22272,
65194,15104,46848,18688,22784,
65194,18176,50944,22272,23808,
65194,14080,49920,23552,21760,
65194,15616,49152,22272,24064,
65194,14080,49152,20736,24832,
65194,14336,49920,23040,24064,
65194,14592,50688,23296,22272,
65194,16896,49920,19200,23296,
65194,16384,49152,19968,24576,
65194,15104,50688,19968,23040,
65194,15104,52224,20736,23552,
65194,19200,51456,21504,20736,
65194,17408,49408,22016,20736,
65194,16896,51712,25344,24064,
65194,16384,51712,20736,17408,
65194,18176,51968,23552,20992,
65194,17920,54272,20224,21504,
65194,20480,50176,22272,20992,
65194,17664,50432,24320,24832,
65194,22528,51456,18944,22528,
65194,19968,50944,20224,22784,
65194,19712,50688,20992,21504,
65194,19456,48640,21248,23552,
65194,18176,51712,19968,20992,
65194,22784,50432,18944,23808,
65194,18944,51200,22784,22016,
65194,21504,52480,19456,22528,
65194,20736,53248,22784,21248,
65194,21504,50944,19968,22016,
65194,22016,54784,20992,20736,
65194,23040,52480,20736,23040,
65194,24832,52736,24320,24320,
65194,23808,51456,20736,22272,
65194,22272,50432,21760,23552,
65194,23552,51456,19968,25344,
65194,27136,50688,23040,23552,
65194,24320,50432,21248,21248,
65194,25856,52224,23040,21248,
65194,26368,52224,21248,23552,
65194,28928,50944,22784,20736,
65194,28416,51456,21760,21760,
65194,28416,53248,21760,20224,
65194,28416,52992,18176,22528,
65194,27904,54272,21248,21248,
65194,29184,48640,22528,25088,
65194,27904,52736,23040,23296,
65194,29952,53504,19200,25344,
65194,30208,53248,21248,22272,
65194,27392,53760,21760,23040,
65194,30208,52736,20480,22528,
65194,32512,53760,19200,24064,
65194,31488,51712,21504,22272,
65194,32256,50176,20480,23808,
65194,30464,52736,20992,23040,
65194,32512,52224,20736,22272,
65194,32256,55040,19968,21248,
65194,30208,51200,20224,20992,
65194,32768,53760,21760,22272,
65194,29696,51200,20224,23552,
65194,32000,50688,22272,20736,
65194,32000,54784,20736,22272,
65194,31232,51200,20224,20736,
65194,31744,52992,20736,23296,
65194,30976,51200,20736,22272,
65194,30976,54016,24064,24832,
65194,30720,51712,23552,22784,
65194,29696,52736,20480,20480,
65194,28928,51456,24320,21760,
65194,32256,53504,19968,22528,
65194,31232,51968,22528,22272,
65194,31488,51968,21248,24064,
65194,29184,53504,20480,24832,
65194,29696,51712,20224,21248,
65194,28416,52736,21504,24576,
65194,27392,51712,21760,20480,
65194,30976,54528,20224,22784,
65194,27136,52736,22016,22528,
65194,28928,51456,22272,22784,
65194,30976,55552,21248,23808,
65194,29184,54272,19200,24064,
65194,29440,53504,23040,22016,
65194,27136,52992,22016,20736,
65194,29952,55040,19712,21248,
65194,30208,54016,21504,23040,
65194,29952,51712,20224,23040,
65194,29440,51200,22016,22272,
65194,28928,51712,22272,19968,
65194,30464,52736,19200,23552,
65194,32512,54784,20480,21760,
65194,29696,48640,22272,22784,
65194,27904,52736,20992,21248,
65194,30208,52992,20480,20736,
65194,28928,53760,22528,20992,
65194,28672,52736,20992,20992,
65194,28672,54272,21248,22272,
65194,27648,52992,22784,21760,
65194,30720,55040,19968,19968,
65194,28672,54272,22272,23808,
65194,29696,52736,21248,25344,
65194,31488,51456,21504,22528,
65194,29184,53760,22784,18688,
65194,27904,52224,20992,21760,
65194,29440,54272,24320,23296,
65194,30720,54272,22016,23296,
65194,29440,53760,21504,23040,
65194,30976,55808,21504,22016,
65194,29440,51712,20736,21504,
65194,28160,55296,23552,22784,
65194,30976,53504,22784,22016,
65194,29696,52992,22272,23552,
65194,28928,53504,24064,24320,
65194,30720,51712,21760,23296,
65194,24576,55040,21760,23552,
65194,29952,54528,20992,23040,
65194,30464,55808,22784,22016,
65194,29184,52224,20736,23552,
65194,30208,53760,22016,22272,
65194,28160,54272,21760,22784,
65194,29440,53248,21760,23040,
65194,27392,55040,21504,22528,
65194,28928,55040,20224,23808,
65194,29184,54784,21504,22528,
65194,30976,56576,18432,23296,
65194,28416,55552,20480,20480,
65194,29696,54784,23040,22784,
65194,28672,54272,20224,23808,
65194,30720,52736,20736,25344,
65194,29184,52992,22528,22016,
65194,26112,54528,23040,20992,
65194,29184,54016,21248,23040,
65194,31488,54784,24320,23040,
65194,30976,52992,21248,22528,
65194,29184,52992,20224,26112,
65194,31232,57088,23296,22528,
65194,29696,54784,24064,21248,
65194,32512,54784,23296,22528,
65194,31232,53760,23296,21760,
65194,30208,54784,18944,22784,
65194,28416,55040,19200,23040,
65194,30208,54784,21248,22016,
65194,29952,55552,19456,23552,
65194,29440,55808,22016,24064,
65194,30976,57088,22272,22784,
65194,31232,54016,22272,21760,
65194,29440,54016,22016,21248,
65194,30720,54272,23296,23808,
65194,28928,55552,19200,19456,
65194,31488,55808,21248,22528,
65194,29952,54528,20736,19456,
65194,32000,55296,21248,25344,
65194,32000,54016,19968,24320,
65194,29440,55552,21760,24064,
65194,28928,57088,20736,21248,
65194,31744,52736,21248,19200,
65194,29952,53760,24064,23808,
65194,30976,54016,21504,23040,
65194,32768,53248,21504,24064,
65194,28416,57344,20480,23808,
65194,31744,54272,21504,20992,
65194,30464,54528,20480,24576,
65194,30720,56832,20992,20480,
65194,30720,55808,20480,23040,
65194,28160,55040,21248,22528,
65194,31232,54528,20224,22784,
65194,30720,55552,20736,20736,
65194,32000,54528,20480,23552,
65194,30208,54272,17664,20224,
65194,27904,54272,19712,21504,
65194,31232,56832,21760,20736,
65194,30976,58368,22272,23040,
65194,32256,55296,20480,24064,
65194,32256,57600,21760,23040,
65194,31232,56576,20736,22784,
65194,29440,56832,21248,23552,
65194,27648,55296,23296,22272,
65194,28928,57344,21248,20224,
65194,29184,56320,22784,20736,
65194,27392,56320,20992,21504,
65194,28160,57600,22528,23296,
65194,27648,57344,22016,25856,
65194,29184,56064,21248,24064,
65194,27136,55552,19968,20736,
65194,28160,56064,18176,22528,
65194,27904,54272,21504,22016,
65194,27392,57344,19712,22784,
65194,29440,55296,18688,23040,
65194,27136,55808,20736,20736,
65194,29696,55552,20992,21760,
65194,26368,55040,22528,20736,
65194,31232,56832,18944,21504,
65194,28672,56576,19712,22016,
65194,30720,57088,20992,23552,
65194,27392,54528,24064,22784,
65194,30464,56064,20224,22272,
65194,29952,56320,22784,23040,
65194,27136,56064,20736,22272,
65194,29696,57600,22016,22528,
65194,32256,55296,20736,22528,
65194,29696,56064,19968,21248,
65194,32256,55296,20480,23296,
65194,30720,55808,20224,22528,
65194,30208,55808,22016,20992,
65194,30208,55808,22272,19456,
65194,29696,56576,18432,20736,
65194,33024,56320,23296,21248,
65194,29952,56320,21504,22272,
65194,29696,57088,22272,21504,
65194,35072,56064,23552,21248,
65194,34048,57088,22272,20992,
65194,32768,53504,20736,22528,
65194,33024,58880,20736,20992,
65194,30720,56576,20736,23808,
65194,30464,57088,22272,23296,
65194,32256,52480,21760,22016,
65194,35584,55040,23040,22016,
65194,34816,55808,19968,23296,
65194,35072,56064,19456,24832,
65194,34304,54272,20736,25344,
65194,35328,53760,19968,23040,
65194,35072,56320,20480,22784,
65194,34304,56064,19712,23552,
65194,34560,57856,22272,20736,
65194,34816,57344,20480,18432,
65194,35328,56320,20224,22272,
65194,36096,57856,20480,19200,
65194,34048,56576,20736,21248,
65194,34304,57856,20224,21760,
65194,34816,55808,20480,22784,
65194,34816,54528,21504,23808,
65194,35584,54528,22528,22016,
65194,34816,58368,24064,22784,
65194,34560,56832,22272,20224,
65194,34816,57600,23808,21504,
65194,33024,59392,20224,21760,
65194,35840,56576,21248,21760,
65194,37120,59392,20992,22272,
65194,35584,57088,22016,22784,
65194,34304,57344,21504,22016,
65194,35072,57600,20992,24320,
65194,37888,57856,21248,22272,
65194,36352,57856,22528,24064,
65194,36352,56064,21760,20736,
65194,33792,57856,20480,22528,
65194,37376,58112,21504,24832,
65194,36096,57600,22272,23296,
65194,36352,56576,23296,20992,
65194,37120,57856,18176,24576,
65194,39680,57856,22528,24064,
65194,36864,57856,22272,21504,
65194,36608,59392,20736,18432,
65194,35840,58880,20224,21504,
65194,39168,59136,23552,24576,
65194,36608,57856,22528,23040,
65194,39168,56064,22016,22528,
65194,38400,56576,20480,24320,
65194,39936,58624,22016,22784,
65194,39168,58624,24320,21248,
65194,41216,58112,22272,24576,
65194,40192,58112,22528,23808,
65194,40448,58624,21760,23040,
65194,39168,59648,21248,23296,
65194,39424,59136,19968,23552,
65194,41472,58624,22016,23040,
65194,40704,58880,19968,20736,
65194,42752,58112,19200,22016,
65194,41728,59648,24064,23552,
65194,42496,57856,22784,21504,
65194,45056,59904,21504,23040,
65194,44032,57344,23040,23808,
65194,43264,57600,19968,22784,
65194,42752,58880,20224,22784,
65194,41472,58112,19456,23296,
65194,43520,59904,21504,21504,
65194,45824,58880,22528,21504,
65194,40704,59904,20992,21504,
65194,43008,57344,22016,21760,
65194,42240,60416,21248,24064,
65194,45056,60928,21248,25344,
65194,44544,58368,22272,22016,
65194,44032,58624,23040,24064,
65194,43520,60672,21760,21760,
65194,44544,60160,18944,22272,
65194,45312,58368,19712,22784,
65194,46080,62208,23040,23296,
65194,44032,60928,19968,22528,
65194,47104,58368,20992,23808,
65194,44800,59392,24064,22528,
65194,45056,60672,19712,22528,
65194,46592,60416,23296,21248,
65194,42496,61184,21760,22016,
65194,46336,57600,21504,24064,
65194,45824,61184,22272,22784,
65194,46080,59392,22272,23296,
65194,46080,62208,21504,22016,
65194,46848,61184,23040,20992,
65194,47104,61696,21504,22016,
65194,47104,62720,20736,21504,
65194,48640,62464,19456,20224,
65194,46336,59392,19200,22528,
65194,46080,62464,23040,23040,
65194,44800,61696,22784,22784,
65194,46080,60160,20736,22016,
65194,44800,59904,20736,24320,
65194,48128,57088,22272,20736,
65194,47872,59648,21248,22272,
65194,49920,61440,20224,22784,
65194,48896,59648,19712,23040,
65194,49408,63232,24064,22272,
65194,49664,62464,21760,25088,
65194,48640,60672,20736,19712,
65194,46336,58880,23808,21248,
65194,49664,61952,21760,20224,
65194,49152,56320,23296,24064,
65194,47616,60928,20992,23296,
65194,50176,60160,19712,23552,
65194,49920,59392,23040,20480,
65194,51200,58880,17408,22272,
65194,47872,57856,22016,23296,
65194,48384,60928,21504,23552,
65194,47872,60672,22016,20736,
65194,48640,59904,23040,19968,
65194,49408,61696,21248,24320,
65194,47104,61696,21504,21760,
65194,49664,60928,20224,22784,
65194,50944,59648,20736,22528,
65194,49408,62208,20480,21504,
65194,48896,62720,20224,20480,
65194,50688,61952,19968,24064,
65194,52224,63744,24576,23040,
65194,50176,63488,20992,22784,
65194,49664,63232,20480,20992,
65194,48384,61952,22272,23552,
65194,50688,60928,20736,22016,
65194,53504,61952,20480,21504,
65194,52736,61440,20224,24832,
65194,52992,61952,20992,24064,
65194,52480,60416,20736,24064,
65194,52736,63488,19968,23040,
65194,53248,64768,21504,21760,
65194,50944,61440,21760,22016,
65194,53248,62208,19968,22272,
65194,51456,61952,22528,21248,
65194,52224,61440,19968,22016,
65194,51712,61952,22784,23808,
65194,51456,61952,21248,22016,
65194,50944,63488,21248,20736,
65194,54016,63232,22272,22784,
65194,53504,62464,21248,20224,
65194,51456,63232,20992,23040,
65194,52736,59904,21504,24064,
65194,54528,62208,21760,24064,
65194,53504,62208,20736,23808,
65194,54272,63744,23808,23808,
65194,54016,64256,22272,22528,
65194,52736,63488,19712,22272,
65194,54784,62720,21504,23296,
65194,54784,60672,23552,21760,
65194,56064,62208,19712,24064,
65194,52480,63232,20736,24320,
65194,56064,60160,21504,22016,
65194,54272,62976,21248,21760,
65194,53760,64256,21504,22272,
65194,52992,64768,23296,22784,
65194,52736,61696,22528,22016,
65194,55808,61696,18944,22016,
65194,55552,62720,22272,23552,
65194,56320,64000,19712,23040,
65194,54528,62720,23296,24832,
65194,55040,63744,22528,23808,
65194,52736,64256,18688,23040,
65194,55296,62464,20992,23808,
65194,53760,61696,22272,22528,
65194,56064,63232,18944,24320,
65194,54528,63232,19456,23808,
65194,54016,62976,21760,21248,
65194,53248,61952,21248,23296,
65194,54528,64512,23040,24576,
65194,54784,64512,20736,23808,
65194,54528,63232,20480,23040,
65194,54016,64256,19968,21504,
65194,56832,256,22528,23808,
65194,53760,64256,20736,23296,
65194,55808,63744,21248,22528,
65194,57088,63744,21760,22528,
65194,53504,64768,23552,22272,
65194,56576,62464,18688,23040,
65194,55808,63488,20736,19456,
65194,55552,63744,22528,24064,
65194,55552,64256,21504,20992,
65194,54784,59904,19200,22528,
65194,55552,63488,19968,23808,
65194,52992,512,22016,22016,
65194,54016,63744,20480,23296,
65194,55296,63488,22272,24320,
65194,53248,64000,19712,20736,
65194,57600,64768,22528,22528,
65194,55040,65024,22016,21248,
65194,56320,64768,19712,22272,
65194,57088,62208,23040,25600,
65194,55808,64256,22528,19456,
65194,57344,63232,21248,23040,
65194,54272,62208,22272,22528,
65194,54784,62208,23040,23296,
65194,57088,64256,22016,22528,
65194,52736,64768,19968,20992,
65194,56320,61696,22784,22016,
65194,54272,62720,20992,21504,
65194,54528,64256,22528,23296,
65194,57600,63744,22272,22272,
65194,55040,65280,21760,24832,
65194,55552,1280,22016,22016,
65194,53760,64512,20992,19968,
65194,54528,65024,20480,23552,
65194,55296,768,22016,23296,
65194,55296,64000,22272,24576,
65194,54272,62208,20992,22272,
65194,54784,63744,21248,21760,
65194,56064,64256,22016,22528,
65194,55040,64000,22528,24576,
65194,58112,64000,19968,22528,
65194,57344,768,20480,23040,
65194,55808,63488,24064,21760,
65194,56064,256,19968,22528,
65194,55808,62976,19968,25600,
65194,58624,62976,20480,22272,
65194,52480,1280,18944,23552,
65194,56064,63232,20480,23808,
65194,57088,62720,22528,23808,
65194,55040,62976,20736,22272,
65194,55552,0,23552,21504,
65194,54528,65280,20992,23040,
65194,54784,62464,22016,20992,
65194,55808,63488,20992,20224,
65194,54016,62976,20992,24832,
65194,55808,64256,21504,24064,
65194,54784,62464,23040,22784,
65194,55040,62208,21760,23808,
65194,57600,512,19200,24576,
65194,57088,64768,19712,20736,
65194,56320,61952,20480,21504,
65194,56064,0,20224,21760,
65194,57856,0,21760,24320,
65194,54016,63488,22272,20736,
65194,55296,63488,22272,24320,
65194,54528,64512,24576,22528,
65194,54784,65280,20736,22016,
65194,52992,256,22784,24320,
65194,53760,63488,21504,22016,
65194,53504,2560,22016,25088,
65194,54528,62464,19968,23552,
65194,52480,64000,20736,22016,
65194,55040,63488,25088,22528,
65194,54528,65024,22016,19712,
65194,55296,256,21248,22784,
65194,55040,63488,23552,22528,
65194,56576,62208,21504,23808,
65194,55296,0,20224,21248,
65194,54016,768,21504,21760,
65194,54784,64512,22272,23296,
65194,55552,62976,20736,23040,
65194,54784,64000,21504,24320,
65194,56832,62464,20224,23040,
65194,51968,62976,21504,21504,
65194,54784,62976,19712,21504,
65194,54784,63232,18688,23296,
65194,54784,62464,22016,23040,
65194,56320,65024,22272,22272,
65194,56320,63232,23040,22528,
65194,55808,64512,22784,22016,
65194,54784,62976,20992,24320,
65194,55296,64512,19456,23040,
65194,54528,62720,19712,22784,
65194,53248,61440,23040,21760,
65194,55296,0,21760,22784,
65194,56064,65024,21760,19712,
65194,54528,65024,20992,22784,
65194,52736,512,21760,23808,
65194,54272,63232,21504,22272,
65194,54016,62208,20224,22784,
65194,54784,64768,20480,22016,
65194,54016,64768,19200,23808,
65194,56320,64256,19712,22016,
65194,54016,0,19200,21760,
65194,55808,64000,20992,21760,
65194,52992,62976,21248,20480,
65194,53504,63232,22272,22784,
65194,54016,0,21248,20480,
65194,56064,64512,18944,22272,
65194,55808,62976,19968,23296,
65194,53760,1792,22016,22784,
65194,53760,65024,20224,19200,
65194,55296,1024,19712,20736,
65194,54016,256,21504,21248,
65194,54784,64000,18176,22784,
65194,56064,64256,22016,22016,
65194,56320,63232,22528,21248,
65194,53760,64768,20736,23040,
65194,55296,62976,21760,21248,
65194,53248,768,20224,23296,
65194,56576,64256,20224,21248,
65194,55808,0,19456,22016,
65194,55040,2048,21504,23808,
65194,57600,1280,20992,20992,
65194,53760,63488,21504,23808,
65194,54784,0,19456,20992,
65194,56320,512,22272,21760,
65194,57088,64000,20992,22272,
65194,57344,256,20480,24576,
65194,56064,1024,23040,19968,
65194,58624,64512,23552,23040,
65194,57600,1024,20992,22784,
65194,58368,64512,19712,22528,
65194,59648,64512,21504,22272,
65194,58368,0,21248,21248,
65194,56576,62976,19456,24064,
65194,55552,768,22784,22784,
65194,57344,62976,19712,23040,
65194,57088,64000,20736,24320,
65194,58880,64256,22528,21504,
65194,56064,64512,20736,23808,
65194,59392,64000,19456,22016,
65194,60928,1280,19456,22272,
65194,57344,1280,22272,22784,
65194,60416,0,19456,22016,
65194,60672,1024,21504,25344,
65194,61440,512,22016,21504,
65194,59136,256,21760,22784,
65194,60160,256,21760,20992,
65194,58112,65280,21760,21248,
65194,57088,1280,21760,22272,
65194,60416,256,19968,23552,
65194,57600,63744,18944,21504,
65194,61184,2560,20224,23040,
65194,60416,3328,19968,22272,
65194,60416,256,22784,24576,
65194,59136,256,20224,23296,
65194,60416,63232,23040,22272,
65194,61184,64768,19712,24064,
65194,60160,1792,21248,21248,
65194,61696,1792,21248,23552,
65194,61440,65024,22784,22272,
65194,61952,3072,22016,23552,
65194,61440,65280,21248,22016,
65194,62464,65280,18688,22784,
65194,59392,2048,21760,22528,
65194,60672,2048,23552,21504,
65194,61440,256,20992,23808,
65194,61440,768,24320,23552,
65194,60928,1536,21248,21504,
65194,60416,64768,20480,22528,
65194,62208,2304,20992,23040,
65194,61440,1280,22016,24064,
65194,62464,256,19456,23808,
65194,62976,2816,17152,22784,
65194,59904,3072,22784,22272,
65194,61952,2304,19712,20992,
65194,61696,2304,20992,23552,
65194,61952,768,23040,20480,
65194,62208,1280,23040,21760,
65194,63488,1792,22016,19712,
65194,62720,2304,20224,22016,
65194,62464,0,22272,25344,
65194,63744,1024,21248,23040,
65194,63744,0,21504,23808,
65194,62720,1280,19200,21760,
65194,256,1792,20480,21760,
65194,61696,768,20480,24320,
65194,63488,1280,22272,23296,
65194,64768,256,20992,21760,
65194,62720,64512,23552,22272,
65194,64256,2816,21248,21248,
65194,63232,4608,22016,24832,
65194,63488,2304,20992,25088,
65194,63488,64768,21504,23552,
65194,65024,1792,24320,24320,
65194,63744,1536,21248,25344,
65194,61952,1792,21504,22016,
65194,65024,512,20736,22016,
65194,62464,2560,22272,24064,
65194,64512,4096,21248,23552,
65194,64512,3584,18944,24576,
65194,64512,1536,22528,22784,
65194,62720,3072,19456,24064,
65194,64768,2816,22016,21504,
65194,63488,2560,21248,21248,
65194,64768,65280,24064,22016,
65194,63744,2560,21248,22016,
65194,64512,3840,23040,24576,
65194,512,1024,21760,21504,
65194,63232,2304,23296,21504,
65194,64000,1280,21248,24832,
65194,64512,2560,22016,23040,
65194,768,2304,20992,24832,
65194,65024,2048,22016,22016,
65194,256,4864,19456,23808,
65194,768,3328,21248,24320,
65194,256,768,19200,25856,
65194,2304,2560,21248,23808,
65194,65024,3584,20992,21504,
65194,65280,2048,21760,21760,
65194,65280,4352,22528,24064,
65194,65280,2304,22016,22528,
65194,1792,3072,23040,23808,
65194,64256,2816,20224,24576,
65194,1280,2048,20992,23296,
65194,2304,3584,22016,23040,
65194,64000,3328,21760,24576,
65194,2048,1792,22528,22272,
65194,3328,2560,20736,20992,
65194,3072,2304,22784,20224,
65194,64768,4096,22016,22528,
65194,2048,2048,21760,22016,
65194,512,2560,20736,20736,
65194,64000,1024,20992,24320,
65194,2560,1792,20992,22016,
65194,256,1024,22272,22016,
65194,2560,2816,21504,22528,
65194,1536,256,22016,23552,
65194,64000,3328,21760,21760,
65194,2560,3072,20992,21248,
65194,1792,1024,21248,19968,
65194,1280,3072,22528,21760,
65194,3072,3072,21760,23808,
65194,3584,4096,19968,22272,
65194,2304,256,23808,23552,
65194,1536,768,20480,24832,
65194,4096,2560,21504,22528,
65194,2816,3072,20224,23296,
65194,4608,2560,22272,23808,
65194,2560,1792,21760,23552,
65194,2048,6144,20992,24576,
65194,1024,2304,19712,21760,
65194,4096,4096,22528,22272,
65194,3584,1792,21504,20992,
65194,2816,4352,21760,20480,
65194,3584,3072,21504,22784,
65194,3840,3584,22272,23040,
65194,2048,2048,22528,23808,
65194,1280,1792,20480,21504,
65194,3840,1536,20736,22272,
65194,3840,3584,21248,22272,
65194,1792,4096,20992,22272,
65194,2560,3072,22272,22528,
65194,3072,5888,20480,21760,
65194,2048,3328,23552,23552,
65194,3584,2816,21248,21504,
65194,63744,3840,23808,20992,
65194,3072,3840,19456,24576,
65194,1536,3328,21760,23552,
65194,4608,5888,20992,22272,
65194,2048,4608,21504,23808,
65194,2304,1792,18944,22528,
65194,2304,4608,20480,22272,
65194,4608,3840,22016,22784,
65194,2816,4608,22016,22784,
65194,2304,3584,20736,22272,
65194,1024,3840,20224,19968,
65194,4864,4608,23808,24320,
65194,3840,2048,21760,24320,
65194,2048,6912,19968,20736,
65194,5888,5120,20992,22784,
65194,3840,2304,20480,22272,
65194,4864,3328,19712,24576,
65194,3584,2048,21248,23296,
65194,3840,3840,23296,23808,
65194,3840,4608,20736,23040,
65194,65280,5376,22784,21504,
65194,2560,3328,23040,22272,
65194,3584,2560,20224,20480,
65194,6656,2304,18432,23296,
65194,3840,3072,21760,20480,
65194,5632,2304,20224,24064,
65194,2048,4096,22016,22272,
65194,4096,4608,22784,22528,
65194,4864,4864,17920,21760,
65194,3328,3072,25088,24064,
65194,5120,2304,20480,22272,
65194,4352,3328,23040,24064,
65194,2560,5632,21248,23808,
65194,1536,3584,20224,23296,
65194,1536,6144,22528,22272,
65194,3584,3328,20480,23552,
65194,256,4096,21504,23552,
65194,3328,4352,20736,24320,
65194,4096,512,22784,20992,
65194,256,4608,20736,24320,
65194,512,7424,23040,24832,
65194,1536,3328,20736,23040,
65194,1280,2304,22272,25344,
65194,256,5120,21504,21504,
65194,1024,3328,19968,22784,
65194,65280,2304,23552,23552,
65194,0,1536,20736,22016,
65194,1280,4352,19456,22016,
65194,768,4352,20480,22016,
65194,65280,4096,18176,20992,
65194,1024,4352,22016,21248,
65194,256,4352,20736,22016,
65194,1792,5120,20224,21504,
65194,256,5632,18176,21504,
65194,0,5376,21504,23808,
65194,0,4096,23296,24064,
65194,65280,4352,23808,22272,
65194,1024,5120,19200,23296,
65194,256,6400,20480,20224,
65194,65280,2560,22016,21760,
65194,2560,3072,20736,22784,
65194,256,4608,20224,22528,
65194,256,5888,20224,21760,
65194,1280,2048,21760,22528,
65194,1280,2048,22016,26112,
65194,1280,4864,21504,22016,
65194,0,2304,21504,23040,
65194,1536,2048,21248,23552,
65194,65024,4352,22016,22528,
65194,65280,1536,21248,20480,
65194,1536,2560,23296,20736,
65194,64768,4608,20992,22528,
65194,64512,3584,20992,22784,
65194,1280,4608,20736,20992,
65194,64768,5120,20736,22528,
65194,3584,5376,21248,24576,
65194,0,5888,21248,22784,
65194,2304,4608,19200,23808,
65194,768,5632,21760,22272,
65194,65280,3584,21760,22528,
65194,65024,3328,22272,21760,
65194,65024,2304,20992,20992,
65194,65280,3072,20992,24320,
65194,3072,4864,20992,23552,
65194,512,3584,21760,22784,
65194,3072,5888,20480,21760,
65194,65024,2816,21248,19200,
65194,768,6656,19200,24320,
65194,2816,4864,19712,22016,
65194,2304,3584,23552,21760,
65194,1536,6144,19968,21248,
65194,2816,6144,20480,22528,
65194,65280,2816,21248,21504,
65194,768,3840,19456,24064,
65194,1536,4864,21504,23296,
65194,3328,4864,21248,22528,
65194,2816,3072,21248,23296,
65194,1536,3072,19456,21504,
65194,0,4352,21504,20992,
65194,2560,5888,20480,22272,
65194,1280,5632,24064,23808,
65194,64768,4352,19456,24320,
65194,1792,4864,20992,20736,
65194,1024,4864,22016,20736,
65194,2048,4864,19200,23552,
65194,1024,5120,20992,22016,
65194,0,5376,20992,24064,
65194,2816,6656,21760,24320,
65194,512,3840,20224,20480,
65194,768,3840,21760,24320,
65194,3328,6144,19712,22784,
65194,2304,4864,21248,23808,
65194,2560,3840,20992,20736,
65194,2048,5376,21248,21504,
65194,1536,3840,22272,22016,
65194,2048,3840,22016,23296,
65194,1792,3840,19456,23552,
65194,3328,4352,21248,24064,
65194,1792,6400,20224,22272,
65194,4352,4352,24320,21760,
65194,2816,4864,19200,23296,
65194,1024,4864,21760,24576,
65194,4096,4096,21248,24320,
65194,4096,5632,19200,24320,
65194,2560,3584,20224,23808,
65194,4608,6144,20480,25856,
65194,2560,4864,21760,20224,
65194,2304,6400,18432,22272,
65194,1536,5632,22016,18944,
65194,3584,4096,21504,19968,
65194,5632,6912,19712,23040,
65194,5376,5888,21760,22528,
65194,3840,3584,23040,24320,
65194,3840,4352,19200,20992,
65194,4352,4096,20736,23296,
65194,3840,4096,21248,19712,
65194,4608,4608,20736,23040,
65194,5376,6912,20992,22784,
65194,5120,5376,20224,24064,
65194,4864,4608,22016,24064,
65194,6144,5888,20736,21248,
65194,2048,6144,21248,23040,
65194,3840,5376,19968,23040,
65194,4608,4352,22272,21760,
65194,2816,3584,20992,22272,
65194,2816,4352,23552,21248,
65194,5120,6144,19456,24064,
65194,4096,4352,20480,24320,
65194,2816,4864,21760,18688,
65194,5120,3072,20736,24576,
65194,3072,3328,22528,22528,
65194,3584,6144,19200,24576,
65194,4864,6400,23040,23808,
65194,4352,7936,21504,22784,
65194,3072,7168,20480,24320,
65194,5632,5888,21504,20736,
65194,6144,6912,21760,22784,
65194,4864,7680,22016,20992,
65194,5632,4096,22272,22272,
65194,4352,3072,22016,24064,
65194,5376,5888,20736,23296,
65194,5632,5120,20736,21760,
65194,4864,5120,20480,21504,
65194,3328,4864,21504,23296,
65194,2560,7168,20480,21248,
65194,2816,5120,19968,22528,
65194,6400,9472,19200,19968,
65194,5888,5632,23296,19200,
65194,4096,4608,20480,21760,
65194,6400,5120,19712,21760,
65194,6400,5120,21504,23552,
65194,4096,3840,22784,22016,
65194,5888,6400,22528,23808,
65194,3840,6656,19712,21760,
65194,5888,5888,22016,22528,
65194,8192,3584,20224,23296,
65194,3840,5120,22528,21504,
65194,4608,7168,22784,22016,
65194,4096,6400,21248,23552,
65194,5120,3584,19200,20992,
65194,4096,6144,22528,21504,
65194,3840,7680,21760,23808,
65194,5888,3840,21760,22784,
65194,6144,6400,21504,21760,
65194,6656,5888,20224,23808,
65194,5376,6400,20736,24832,
65194,5632,5888,20992,24576,
65194,4608,3584,19968,20736,
65194,5632,2816,22272,22016,
65194,4864,6912,19200,24064,
65194,4864,6144,20992,21504,
65194,6912,5376,19712,21504,
65194,4864,5120,20480,23296,
65194,6912,6656,20736,20736,
65194,6400,7424,22016,21248,
65194,6400,5888,21760,22272,
65194,3840,4864,23040,21248,
65194,5888,3328,20736,20736,
65194,5120,3328,22272,22272,
65194,8704,6144,20480,23296,
65194,7424,5376,20736,24064,
65194,5632,4864,22016,22784,
65194,6912,6400,23040,22784,
65194,5888,4864,21504,22272,
65194,6656,6656,21504,21248,
65194,7680,4864,20480,20992,
65194,5888,3328,21248,23552,
65194,7168,6144,22784,22016,
65194,6144,5120,20736,22272,
65194,6400,4352,20480,23296,
65194,8448,4608,23296,23552,
65194,10496,5376,23040,23296,
65194,7424,6400,20736,21248,
65194,8192,5632,23808,23552,
65194,9216,6912,21504,22528,
65194,9472,8448,21248,23296,
65194,7680,8192,20736,22016,
65194,8704,6656,20736,22272,
65194,8704,6400,23040,22528,
65194,7936,3840,22016,20992,
65194,7936,4864,20992,22016,
65194,12032,6656,20480,20992,
65194,7936,7936,22528,21248,
65194,7424,5120,21760,21760,
65194,7168,4096,21504,22016,
65194,8960,5376,22016,23040,
65194,8192,4864,20224,23296,
65194,9216,10240,19968,23296,
65194,8448,5632,21504,22016,
65194,6912,5376,19712,23296,
65194,7424,4608,21760,23552,
65194,9984,5888,19456,24576,
65194,5888,4352,23296,18944,
65194,6912,7424,21504,21504,
65194,7168,6912,23040,24832,
65194,7936,5632,21504,20736,
65194,9472,3072,19200,22016,
65194,8192,6656,20992,22016,
65194,9984,7424,19200,22528,
65194,7424,8704,21248,23296,
65194,6656,5120,21248,24320,
65194,7424,4352,23296,22272,
65194,7168,5120,18176,25344,
65194,8704,7424,21760,21504,
65194,8448,6912,21248,22784,
65194,5632,3840,20992,22784,
65194,8192,5376,21248,20992,
65194,8960,5888,21248,21760,
65194,6656,5376,20480,22272,
65194,6144,6144,21504,22272,
65194,6912,3584,19200,23552,
65194,8704,5632,20480,22528,
65194,7424,5888,21760,21504,
65194,6400,4864,20480,21504,
65194,5376,3584,20736,23808,
65194,8960,3072,21504,20224,
65194,4352,6144,20224,22528,
65194,6400,4864,20992,23552,
65194,7680,7168,19200,22272,
65194,8704,7680,20480,22272,
65194,7680,6656,23040,21248,
65194,8960,5632,20992,24320,
65194,6912,6912,20224,21760,
65194,6912,4352,20736,21760,
65194,6656,4864,19200,22272,
65194,6656,3840,22016,21760,
65194,6912,6144,22784,21504,
65194,5120,6400,20224,23296,
65194,8448,6144,20224,24064,
65194,7936,5632,19200,19456,
65194,8448,3072,19712,22528,
65194,7168,4352,20736,22528,
65194,5888,3328,20992,21504,
65194,8704,4864,21248,21248,
65194,7424,3584,22784,21504,
65194,6656,2816,20224,21504,
65194,5120,7680,23296,20992,
65194,7424,6656,21760,24576,
65194,7424,4608,21248,23296,
65194,8448,5120,20992,22272,
65194,9728,6912,23040,21760,
65194,6400,4352,20992,20480,
65194,7680,5120,20224,19968,
65194,6912,3584,21248,22016,
65194,5376,5888,20736,22784,
65194,5376,7424,19456,21760,
65194,7168,6144,21248,22016,
65194,7424,7424,20736,23296,
65194,4096,6912,18176,23040,
65194,4352,5120,21504,24320,
65194,3840,7168,19712,22784,
65194,6144,3328,20224,22016,
65194,6912,4864,18688,23808,
65194,6912,6400,21504,22272,
65194,6144,5376,20992,22528,
65194,4096,5376,20736,20736,
65194,4096,4608,18432,22272,
65194,4608,4864,20480,21504,
65194,3328,8192,23552,20736,
65194,3328,6912,21248,23040,
65194,3840,5632,22272,21760,
65194,3840,5376,22528,25088,
65194,2304,2304,20992,21504,
65194,4608,5376,21504,21504,
65194,5632,4096,22016,22016,
65194,3584,4864,20992,22528,
65194,2048,3072,22784,22016,
65194,4864,5376,20736,21248,
65194,3584,7424,20736,21248,
65194,5120,3584,22528,22016,
65194,2304,4608,20224,20480,
65194,3328,2304,20480,20992,
65194,2048,4352,22016,24832,
65194,2304,3840,20480,24320,
65194,2816,4352,22016,23296,
65194,4352,4352,21760,20736,
65194,6144,3328,20992,22272,
65194,3328,4096,22272,23808,
65194,3072,7168,19200,21504,
65194,4608,3840,20224,22272,
65194,4096,4352,20224,23296,
65194,2560,3328,20480,23040,
65194,2816,3328,21248,24064,
65194,5120,5376,21760,21760,
65194,2048,5376,20992,24064,
65194,2560,4352,22784,21760,
65194,3072,2560,18944,21248,
65194,3072,6144,21248,24320,
65194,3072,6400,22784,22272,
65194,4608,6656,19968,23296,
65194,2560,6656,21504,22784,
65194,4608,6912,22016,21760,
65194,4608,5632,22016,20992,
65194,5376,4608,21760,21504,
65194,5632,3584,22528,24064,
65194,2304,5888,18432,19968,
65194,6144,4864,22272,24064,
65194,8192,5120,18432,23552,
65194,5120,5888,18176,23296,
65194,6144,6144,18432,22016,
65194,6144,5632,22784,22784,
